step,risk_score,stability_score,alert,status,phase_reset,factors,ready,hard_failure,loss_z,loss_diff_z,grad_z,lr_jump,update_z,grad_volatility,update_available,step_gap,score_multi_signal,score_loss_z,score_grad_z,score_ewma_loss,score_cusum_loss
0,0.0,100.0,False,WARMUP,False,[],False,False,0.0,0.0,0.0,0.0,0.0,0.0,False,0,0.0,0.0,0.0,0.0,0.0
1,0.0,100.0,False,WARMUP,False,[],False,False,0.0,0.0,0.0,0.0,0.0,0.0,False,1,0.0,0.0,0.0,0.0,0.0
2,0.0,100.0,False,WARMUP,False,[],False,False,0.0,0.0,0.0,0.0,0.0,0.0,False,1,0.0,0.0,0.0,0.0,0.0
3,0.0,100.0,False,WARMUP,False,[],False,False,0.0,0.0,0.0,0.0,0.0,0.0,False,1,0.0,0.0,0.0,0.0,0.0
4,0.0,100.0,False,WARMUP,False,[],False,False,0.0,0.0,0.0,0.0,0.0,0.0,False,1,0.0,0.0,0.0,0.0,0.0
5,0.0,100.0,False,WARMUP,False,[],False,False,0.0,0.0,0.0,0.0,0.0,0.0,False,1,0.0,0.0,0.0,0.0,0.0
6,0.0,100.0,False,WARMUP,False,[],False,False,0.0,0.0,0.0,0.0,0.0,0.0,False,1,0.0,0.0,0.0,0.0,0.0
7,0.0,100.0,False,WARMUP,False,[],False,False,0.0,0.0,0.0,0.0,0.0,0.0,False,1,0.0,0.0,0.0,0.0,0.0
8,0.0,100.0,False,WARMUP,False,[],False,False,0.0,0.0,0.0,0.0,0.0,0.0,False,1,0.0,0.0,0.0,0.0,0.0
9,0.0,100.0,False,WARMUP,False,[],False,False,0.0,0.0,0.0,0.0,0.0,0.0,False,1,0.0,0.0,0.0,0.0,0.0
10,0.0,100.0,False,WARMUP,False,[],False,False,0.0,0.0,0.0,0.0,0.0,0.0,False,1,0.0,0.0,0.0,0.0,0.0
11,0.0,100.0,False,WARMUP,False,[],False,False,0.0,0.0,0.0,0.0,0.0,0.0,False,1,0.0,0.0,0.0,0.0,0.0
12,0.0,100.0,False,WARMUP,False,[],False,False,0.0,0.0,0.0,0.0,0.0,0.0,False,1,0.0,0.0,0.0,0.0,0.0
13,0.0,100.0,False,WARMUP,False,[],False,False,0.0,0.0,0.0,0.0,0.0,0.0,False,1,0.0,0.0,0.0,0.0,0.0
14,0.0,100.0,False,WARMUP,False,[],False,False,0.0,0.0,0.0,0.0,0.0,0.0,False,1,0.0,0.0,0.0,0.0,0.0
15,0.0,100.0,False,WARMUP,False,[],False,False,0.0,0.0,0.0,0.0,0.0,0.0,False,1,0.0,0.0,0.0,0.0,0.0
16,0.0,100.0,False,WARMUP,False,[],False,False,0.0,0.0,0.0,0.0,0.0,0.0,False,1,0.0,0.0,0.0,0.0,0.0
17,0.0,100.0,False,WARMUP,False,[],False,False,0.0,0.0,0.0,0.0,0.0,0.0,False,1,0.0,0.0,0.0,0.0,0.0
18,0.0,100.0,False,WARMUP,False,[],False,False,0.0,0.0,0.0,0.0,0.0,0.0,False,1,0.0,0.0,0.0,0.0,0.0
19,0.0,100.0,False,WARMUP,False,[],False,False,0.0,0.0,0.0,0.0,0.0,0.0,False,1,0.0,0.0,0.0,0.0,0.0
20,0.0,100.0,False,WARMUP,False,[],False,False,0.0,0.0,0.0,0.0,0.0,0.0,False,1,0.0,0.0,0.0,0.0,0.0
21,0.0,100.0,False,WARMUP,False,[],False,False,0.0,0.0,0.0,0.0,0.0,0.0,False,1,0.0,0.0,0.0,0.0,0.0
22,0.0,100.0,False,WARMUP,False,[],False,False,0.0,0.0,0.0,0.0,0.0,0.0,False,1,0.0,0.0,0.0,0.0,0.0
23,0.0,100.0,False,WARMUP,False,[],False,False,0.0,0.0,0.0,0.0,0.0,0.0,False,1,0.0,0.0,0.0,0.0,0.0
24,0.0,100.0,False,WARMUP,False,[],False,False,0.0,0.0,0.0,0.0,0.0,0.0,False,1,0.0,0.0,0.0,0.0,0.0
25,0.0,100.0,False,WARMUP,False,[],False,False,0.0,0.0,0.0,0.0,0.0,0.0,False,1,0.0,0.0,0.0,0.0,0.0
26,0.0,100.0,False,WARMUP,False,[],False,False,0.0,0.0,0.0,0.0,0.0,0.0,False,1,0.0,0.0,0.0,0.0,0.0
27,0.0,100.0,False,WARMUP,False,[],False,False,0.0,0.0,0.0,0.0,0.0,0.0,False,1,0.0,0.0,0.0,0.0,0.0
28,0.0,100.0,False,WARMUP,False,[],False,False,0.0,0.0,0.0,0.0,0.0,0.0,False,1,0.0,0.0,0.0,0.0,0.0
29,0.0,100.0,False,WARMUP,False,[],False,False,0.0,0.0,0.0,0.0,0.0,0.0,False,1,0.0,0.0,0.0,0.0,0.0
30,0.0,100.0,False,WARMUP,False,[],False,False,0.0,0.0,0.0,0.0,0.0,0.0,False,1,0.0,0.0,0.0,0.0,0.0
31,0.0,100.0,False,WARMUP,False,[],False,False,0.0,0.0,0.0,0.0,0.0,0.0,False,1,0.0,0.0,0.0,0.0,0.0
32,0.0,100.0,False,WARMUP,False,[],False,False,0.0,0.0,0.0,0.0,0.0,0.0,False,1,0.0,0.0,0.0,0.0,0.0
33,0.0,100.0,False,WARMUP,False,[],False,False,0.0,0.0,0.0,0.0,0.0,0.0,False,1,0.0,0.0,0.0,0.0,0.0
34,0.0,100.0,False,WARMUP,False,[],False,False,0.0,0.0,0.0,0.0,0.0,0.0,False,1,0.0,0.0,0.0,0.0,0.0
35,0.0,100.0,False,WARMUP,False,[],False,False,0.0,0.0,0.0,0.0,0.0,0.0,False,1,0.0,0.0,0.0,0.0,0.0
36,0.0,100.0,False,WARMUP,False,[],False,False,0.0,0.0,0.0,0.0,0.0,0.0,False,1,0.0,0.0,0.0,0.0,0.0
37,0.0,100.0,False,WARMUP,False,[],False,False,0.0,0.0,0.0,0.0,0.0,0.0,False,1,0.0,0.0,0.0,0.0,0.0
38,0.0,100.0,False,WARMUP,False,[],False,False,0.0,0.0,0.0,0.0,0.0,0.0,False,1,0.0,0.0,0.0,0.0,0.0
39,0.0,100.0,False,WARMUP,False,[],False,False,0.0,0.0,0.0,0.0,0.0,0.0,False,1,0.0,0.0,0.0,0.0,0.0
40,0.0,100.0,False,WARMUP,False,[],False,False,0.0,0.0,0.0,0.0,0.0,0.0,False,1,0.0,0.0,0.0,0.0,0.0
41,0.0,100.0,False,WARMUP,False,[],False,False,0.0,0.0,0.0,0.0,0.0,0.0,False,1,0.0,0.0,0.0,0.0,0.0
42,0.0,100.0,False,WARMUP,False,[],False,False,0.0,0.0,0.0,0.0,0.0,0.0,False,1,0.0,0.0,0.0,0.0,0.0
43,0.0,100.0,False,WARMUP,False,[],False,False,0.0,0.0,0.0,0.0,0.0,0.0,False,1,0.0,0.0,0.0,0.0,0.0
44,0.0,100.0,False,WARMUP,False,[],False,False,0.0,0.0,0.0,0.0,0.0,0.0,False,1,0.0,0.0,0.0,0.0,0.0
45,0.0,100.0,False,WARMUP,False,[],False,False,0.0,0.0,0.0,0.0,0.0,0.0,False,1,0.0,0.0,0.0,0.0,0.0
46,0.0,100.0,False,WARMUP,False,[],False,False,0.0,0.0,0.0,0.0,0.0,0.0,False,1,0.0,0.0,0.0,0.0,0.0
47,0.0,100.0,False,WARMUP,False,[],False,False,0.0,0.0,0.0,0.0,0.0,0.0,False,1,0.0,0.0,0.0,0.0,0.0
48,0.0,100.0,False,WARMUP,False,[],False,False,0.0,0.0,0.0,0.0,0.0,0.0,False,1,0.0,0.0,0.0,0.0,0.0
49,0.0,100.0,False,WARMUP,False,[],False,False,0.0,0.0,0.0,0.0,0.0,0.0,False,1,0.0,0.0,0.0,0.0,0.0
50,0.0,100.0,False,WARMUP,False,[],False,False,0.0,0.0,0.0,0.0,0.0,0.0,False,1,0.0,0.0,0.0,0.0,0.0
51,0.0,100.0,False,WARMUP,False,[],False,False,0.0,0.0,0.0,0.0,0.0,0.0,False,1,0.0,0.0,0.0,0.0,0.0
52,0.0,100.0,False,WARMUP,False,[],False,False,0.0,0.0,0.0,0.0,0.0,0.0,False,1,0.0,0.0,0.0,0.0,0.0
53,0.0,100.0,False,WARMUP,False,[],False,False,0.0,0.0,0.0,0.0,0.0,0.0,False,1,0.0,0.0,0.0,0.0,0.0
54,0.0,100.0,False,WARMUP,False,[],False,False,0.0,0.0,0.0,0.0,0.0,0.0,False,1,0.0,0.0,0.0,0.0,0.0
55,0.0,100.0,False,WARMUP,False,[],False,False,0.0,0.0,0.0,0.0,0.0,0.0,False,1,0.0,0.0,0.0,0.0,0.0
56,0.0,100.0,False,WARMUP,False,[],False,False,0.0,0.0,0.0,0.0,0.0,0.0,False,1,0.0,0.0,0.0,0.0,0.0
57,0.0,100.0,False,WARMUP,False,[],False,False,0.0,0.0,0.0,0.0,0.0,0.0,False,1,0.0,0.0,0.0,0.0,0.0
58,0.0,100.0,False,WARMUP,False,[],False,False,0.0,0.0,0.0,0.0,0.0,0.0,False,1,0.0,0.0,0.0,0.0,0.0
59,0.0,100.0,False,WARMUP,False,[],False,False,0.0,0.0,0.0,0.0,0.0,0.0,False,1,0.0,0.0,0.0,0.0,0.0
60,0.0,100.0,False,WARMUP,False,[],False,False,0.0,0.0,0.0,0.0,0.0,0.0,False,1,0.0,0.0,0.0,0.0,0.0
61,0.0,100.0,False,WARMUP,False,[],False,False,0.0,0.0,0.0,0.0,0.0,0.0,False,1,0.0,0.0,0.0,0.0,0.0
62,0.0,100.0,False,WARMUP,False,[],False,False,0.0,0.0,0.0,0.0,0.0,0.0,False,1,0.0,0.0,0.0,0.0,0.0
63,0.0,100.0,False,WARMUP,False,[],False,False,0.0,0.0,0.0,0.0,0.0,0.0,False,1,0.0,0.0,0.0,0.0,0.0
64,0.09537843643124153,90.46215635687585,False,NORMAL,False,[],True,False,-0.731554134721565,0.8019086763097206,-2.0107983363379476,0.0,-2.7614881222130148,0.0,True,1,0.09537843643124153,0.09537843643124153,0.0,0.0,0.0
65,0.08400488443837764,91.59951155616224,False,NORMAL,False,[],True,False,-0.7279443368100218,0.7019539734282505,-1.8022529679958554,0.0,-2.602039082828922,0.0,True,1,0.08400488443837764,0.08400488443837764,0.0,0.0,0.0
66,0.08533697334642057,91.46630266535794,False,NORMAL,False,[],True,False,-0.7288567244100701,0.7135964673482759,-1.716009139995938,0.0,-2.4633971627933726,0.0,True,1,0.08533697334642057,0.08533697334642057,0.0,0.0,0.0
67,0.08098140779795705,91.9018592202043,False,NORMAL,False,[],True,False,-0.733857364924786,0.6755914074057071,-1.6330979362275795,0.0,-2.355955358692282,0.0,True,1,0.08098140779795705,0.08098140779795705,0.0,0.0,0.0
68,0.08564999994273882,91.43500000572612,False,NORMAL,False,[],True,False,-0.7282286277179144,0.7163347887909607,-1.488763472447634,0.0,-2.1997305534397436,0.0,True,1,0.08564999994273882,0.08564999994273882,0.0,0.0,0.0
69,0.0912135964927562,90.87864035072438,False,NORMAL,False,[],True,False,-0.730006338250376,0.765161536453562,-1.3914094931520198,0.0,-2.082434167147371,0.0,True,1,0.0912135964927562,0.0912135964927562,0.0,0.0,0.0
70,0.08417797577264788,91.58220242273522,False,NORMAL,False,[],True,False,-0.7359214646100855,0.7034658390486832,-1.382843925488344,0.0,-2.004116613608376,0.0,True,1,0.08417797577264788,0.08417797577264786,0.0,0.0,0.0
71,0.0892814732532996,91.07185267467004,False,NORMAL,False,[],True,False,-0.7305444024536324,0.7481712096140808,-1.337554267260407,0.0,-1.9107905741087639,0.0,True,1,0.0892814732532996,0.0892814732532996,0.0,0.0,0.0
72,0.0915954042943502,90.84045957056497,False,NORMAL,False,[],True,False,-0.725631844751623,0.7685232771390729,-1.312239105889783,0.0,-1.837973184752318,0.0,True,1,0.0915954042943502,0.09159540429435022,0.0,0.0,0.0
73,0.08290315873491606,91.70968412650839,False,NORMAL,False,[],True,False,-0.7265966643211387,0.6923376455008641,-1.286233996168108,0.0,-1.7724201891136113,0.0,True,1,0.08290315873491606,0.08290315873491606,0.0,0.0,0.0
74,0.07595436953846683,92.40456304615333,False,NORMAL,False,[],True,False,-0.7260398929684884,0.6319505995472452,-1.202957598151298,0.0,-1.7235078329535711,0.0,True,1,0.07595436953846683,0.07595436953846683,0.0,0.0,0.0
75,0.0822676077781059,91.7732392221894,False,NORMAL,False,[],True,False,-0.7340426317096734,0.686795540802476,-1.191848671755918,0.0,-1.666325371458032,0.0,True,1,0.0822676077781059,0.08226760777810592,0.0,0.0,0.0
76,0.07211762002054346,92.78823799794566,False,NORMAL,False,[],True,False,-0.7329873661896742,0.598802399525164,-1.1822445628431335,0.0,-1.6312027587963323,0.0,True,1,0.07211762002054346,0.07211762002054346,0.0,0.0,0.0
77,0.09473515278089617,90.52648472191038,False,NORMAL,False,[],True,False,-0.7285580546447612,0.7962218338771837,-1.1029109323338775,0.0,-1.5782791841890698,0.0,True,1,0.09473515278089617,0.09473515278089617,0.0,0.0,0.0
78,0.0709615803593577,92.90384196406423,False,NORMAL,False,[],True,False,-0.7253181294816785,0.5888414809052723,-1.0997690555222503,0.0,-1.5435952097797834,0.0,True,1,0.0709615803593577,0.0709615803593577,0.0,0.0,0.0
79,0.07965194557973376,92.03480544202662,False,NORMAL,False,[],True,False,-0.7380915704491847,0.6640268836959844,-1.0484164644457206,0.0,-1.502614079619438,0.0,True,1,0.07965194557973376,0.07965194557973376,0.0,0.0,0.0
80,0.07407378938479836,92.59262106152016,False,NORMAL,False,[],True,False,-0.7408182784449678,0.6156858693740626,-1.0286530096460877,0.0,-1.46029631630862,0.0,True,1,0.07407378938479836,0.07407378938479836,0.0,0.0,0.0
81,0.09787229085073848,90.21277091492615,False,NORMAL,False,[],True,False,-0.7464724650850401,0.8239934761516574,-0.9943412488630148,0.0,-1.40874100775557,0.0,True,1,0.09787229085073848,0.09787229085073848,0.0,0.0,0.0
82,0.0821633572969508,91.78366427030493,False,NORMAL,False,[],True,False,-0.7299702454699275,0.6858868265735157,-0.9921099151814735,0.0,-1.3738541795302297,0.0,True,1,0.0821633572969508,0.0821633572969508,0.0,0.0,0.0
83,0.0651665179511405,93.48334820488596,False,NORMAL,False,[],True,False,-0.7483247680204759,0.5390948769557775,-1.0279601230214241,0.0,-1.3485894627807335,0.0,True,1,0.0651665179511405,0.0651665179511405,0.0,0.0,0.0
84,0.09774840379433601,90.2251596205664,False,NORMAL,False,[],True,False,-0.7347376136077012,0.8228949305744212,-0.9619263717732865,0.0,-1.3079653263700466,0.0,True,1,0.09774840379433601,0.09774840379433601,0.0,0.0,0.0
85,0.06040151164566071,93.95984883543393,False,NORMAL,False,[],True,False,-0.7630098187916918,0.4984210801356689,-1.0006455979160358,0.0,-1.293315951213921,0.0,True,1,0.06040151164566071,0.06040151164566072,0.0,0.0,0.0
86,0.09950620493588318,90.04937950641168,False,NORMAL,False,[],True,False,-0.7559736042551988,0.8384960394799128,-0.9634179818863582,0.0,-1.2614293539162447,0.0,True,1,0.09950620493588318,0.09950620493588318,0.0,0.0,0.0
87,0.07008327229815119,92.99167277018489,False,NORMAL,False,[],True,False,-0.7671393903422191,0.5812818955946312,-1.0107581805476435,0.0,-1.2310249617332787,0.0,True,1,0.07008327229815119,0.07008327229815119,0.0,0.0,0.0
88,0.07318927837546436,92.68107216245356,False,NORMAL,False,[],True,False,-0.7642506422190859,0.6080473444554627,-0.9934471085497972,0.0,-1.2185851659229532,0.0,True,1,0.07318927837546436,0.07318927837546436,0.0,0.0,0.0
89,0.09406368283437477,90.59363171656251,False,NORMAL,False,[],True,False,-0.7691160043411617,0.7902901241103142,-0.9849638614044918,0.0,-1.2028811463913396,0.0,True,1,0.09406368283437477,0.09406368283437477,0.0,0.0,0.0
90,0.0809321003103577,91.90678996896423,False,NORMAL,False,[],True,False,-0.7776869847976366,0.6751622002899055,-1.0287281051594739,0.0,-1.185803532432414,0.0,True,1,0.0809321003103577,0.0809321003103577,0.0,0.0,0.0
91,0.07506484293823544,92.49351570617645,False,NORMAL,False,[],True,False,-0.7783994864352195,0.6242531552050635,-1.010560570531567,0.0,-1.1671080843157478,0.0,True,1,0.07506484293823544,0.07506484293823544,0.0,0.0,0.0
92,0.11225553046428234,88.77444695357177,False,NORMAL,False,[],True,False,-0.7644674880239893,0.9525706954602797,-0.9976959633176539,0.0,-1.139444781715946,0.0,True,1,0.11225553046428234,0.11225553046428234,0.0,0.0,0.0
93,0.04728445382717561,95.27155461728243,False,NORMAL,False,[],True,False,-0.7907104763511702,0.3875112191008809,-1.0040013553225178,0.0,-1.1327312596138133,0.0,True,1,0.04728445382717561,0.04728445382717561,0.0,0.0,0.0
94,0.07877522811075623,92.12247718892438,False,NORMAL,False,[],True,False,-0.7832837138327573,0.656409764045336,-1.0196899222598448,0.0,-1.1166670061277213,0.0,True,1,0.07877522811075623,0.07877522811075623,0.0,0.0,0.0
95,0.06889665968097457,93.11033403190254,False,NORMAL,False,[],True,False,-0.7841655912973192,0.5710800687718175,-1.0133719774842331,0.0,-1.1172151491088773,0.0,True,1,0.06889665968097457,0.06889665968097457,0.0,0.0,0.0
96,0.055913892827735796,94.40861071722641,False,NORMAL,False,[],True,False,-0.7957575903740447,0.460303214173087,-1.0106346556047512,0.0,-1.1166711960243487,0.0,True,1,0.055913892827735796,0.055913892827735796,0.0,0.0,0.0
97,0.09990256336925864,90.00974366307413,False,NORMAL,False,[],True,False,-0.777233487832637,0.8420180687583012,-1.0198857707418543,0.0,-1.112088781412374,0.0,True,1,0.09990256336925864,0.09990256336925864,0.0,0.0,0.0
98,0.059254844607894194,94.07451553921058,False,NORMAL,False,[],True,False,-0.7915895203058847,0.4886639940096721,-1.019861318512782,0.0,-1.1005382199083633,0.0,True,1,0.059254844607894194,0.05925484460789419,0.0,0.0,0.0
99,0.06499650415896231,93.50034958410377,False,NORMAL,False,[],True,False,-0.7926371500507026,0.5376400866641569,-1.0380875403826895,0.0,-1.0906912179761687,0.0,True,1,0.06499650415896231,0.06499650415896231,0.0,0.0,0.0
100,0.09479574481441161,90.52042551855884,False,NORMAL,False,[],True,False,-0.7933707886083489,0.7967573152810482,-0.938094677051655,0.0,-1.0642838787417732,0.0,True,1,0.09479574481441161,0.09479574481441161,0.0,0.0,0.0
101,0.06671918465753074,93.32808153424692,False,NORMAL,False,[],True,False,-0.8008157439694641,0.5523931387684187,-0.9458218550264998,0.0,-1.0622331374559275,0.0,True,1,0.06671918465753074,0.06671918465753074,0.0,0.0,0.0
102,0.06463421502729375,93.53657849727063,False,NORMAL,False,[],True,False,-0.8024048935298581,0.5345408985847471,-1.0065395285789553,0.0,-1.05196556293326,0.0,True,1,0.06463421502729375,0.06463421502729375,0.0,0.0,0.0
103,0.0652692776822153,93.47307223177847,False,NORMAL,False,[],True,False,-0.8100753486242221,0.5399743095502891,-0.9664169102765283,0.0,-1.036509860685348,0.0,True,1,0.0652692776822153,0.0652692776822153,0.0,0.0,0.0
104,0.07929925858080317,92.07007414191968,False,NORMAL,False,[],True,False,-0.8333756608758226,0.6609617872875286,-1.023993374132503,0.0,-1.0308924695176975,0.0,True,1,0.07929925858080317,0.07929925858080317,0.0,0.0,0.0
105,0.10005855989745646,89.99414401025435,False,NORMAL,False,[],True,False,-0.8336371983068825,0.8434046746198054,-1.021799972296696,0.0,-1.0198406422206765,0.0,True,1,0.10005855989745646,0.10005855989745646,0.0,0.0,0.0
106,0.09292036955911329,90.70796304408867,False,NORMAL,False,[],True,False,-0.8105778681985633,0.7802002984509097,-1.0208966223219273,0.0,-1.0259535863956075,0.0,True,1,0.09292036955911329,0.09292036955911329,0.0,0.0,0.0
107,0.0429745918756741,95.70254081243259,False,NORMAL,False,[],True,False,-0.8480315125882677,0.35140270493948517,-1.102799385310584,0.0,-1.0159226157553454,0.0,True,1,0.0429745918756741,0.0429745918756741,0.0,0.0,0.0
108,0.10922303592751444,89.07769640724855,False,NORMAL,False,[],True,False,-0.839708602893682,0.9252896300250919,-1.0185853868701435,0.0,-0.9964043139855124,0.0,True,1,0.10922303592751444,0.10922303592751444,0.0,0.0,0.0
109,0.04437503568899494,95.56249643110051,False,NORMAL,False,[],True,False,-0.8469807397718095,0.3631179171603606,-1.0715553279361807,0.0,-0.9883128940961704,0.0,True,1,0.04437503568899494,0.04437503568899494,0.0,0.0,0.0
110,0.08267215410740832,91.73278458925917,False,NORMAL,False,[],True,False,-0.8651315144197443,0.6903228045070984,-1.0290632430706284,0.0,-0.9786337248492903,0.0,True,1,0.08267215410740832,0.08267215410740832,0.0,0.0,0.0
111,0.09816993075908952,90.18300692409105,False,NORMAL,False,[],True,False,-0.8615052127050403,0.8266333597641663,-0.9855660921286951,0.0,-0.9788913748632738,0.0,True,1,0.09816993075908952,0.09816993075908952,0.0,0.0,0.0
112,0.0013300996035271093,99.86699003964729,False,NORMAL,False,[],True,False,-0.8836978485403221,0.010647879769412926,-1.1026254491819227,0.0,-0.9808559354752888,0.0,True,1,0.0013300996035271093,0.0013300996035271093,0.0,0.0,0.0
113,0.08823846553993417,91.17615344600658,False,NORMAL,False,[],True,False,-0.9034003823173243,0.7390143877694872,-1.1108850586394121,0.0,-1.0000828192473754,0.0,True,1,0.08823846553993417,0.08823846553993417,0.0,0.0,0.0
114,0.07337311565608706,92.6626884343913,False,NORMAL,False,[],True,False,-0.9005437763904236,0.6096343396098381,-1.0785936020641342,0.0,-1.018542798060479,0.0,True,1,0.07337311565608706,0.07337311565608706,0.0,0.0,0.0
115,0.09376646113623331,90.62335388637666,False,NORMAL,False,[],True,False,-0.8619582575872188,0.7876658959249245,-1.1022533038846252,0.0,-1.0103261142602444,0.0,True,1,0.09376646113623331,0.09376646113623331,0.0,0.0,0.0
116,0.0834180310648742,91.65819689351258,False,NORMAL,False,[],True,False,-0.8578743633269287,0.6968302302708911,-1.0327748465573992,0.0,-1.0253867454453371,0.0,True,1,0.0834180310648742,0.0834180310648742,0.0,0.0,0.0
117,6.68759830129507e-05,99.9933124016987,False,NORMAL,False,[],True,False,-0.9098951322916411,0.0005350257544896506,-1.117538160141731,0.0,-1.0339404298841561,0.0,True,1,6.68759830129507e-05,6.68759830129507e-05,0.0,0.0,0.0
118,0.09230987392021427,90.76901260797857,False,NORMAL,False,[],True,False,-0.881620197204553,0.774817835713828,-1.0606508423357333,0.0,-1.0363672303418605,0.0,True,1,0.09230987392021427,0.09230987392021427,0.0,0.0,0.0
119,0.05174643567695281,94.82535643230472,False,NORMAL,False,[],True,False,-0.8924107911104442,0.4250667166160905,-1.088190242352514,0.0,-1.0413145045197596,0.0,True,1,0.05174643567695281,0.0517464356769528,0.0,0.0,0.0
120,0.0450003026276742,95.49996973723258,False,NORMAL,False,[],True,False,-0.8847534933063333,0.36835404311259184,-1.1148218150456164,0.0,-1.014463978045868,0.0,True,1,0.0450003026276742,0.0450003026276742,0.0,0.0,0.0
121,0.1195681084191154,88.04318915808847,False,NORMAL,False,[],True,False,-0.8736708810876455,1.0187416481481506,-1.069456229916061,0.0,-1.0180308362432833,0.0,True,1,0.1195681084191154,0.1195681084191154,0.0,0.0,0.0
122,0.00495234072761379,99.50476592723862,False,NORMAL,False,[],True,False,-0.9258271089301414,0.03971715363549006,-1.0564575557060216,0.0,-1.0454527279375985,0.0,True,1,0.00495234072761379,0.00495234072761379,0.0,0.0,0.0
123,0.14636224004366796,85.3637759956332,False,NORMAL,False,[],True,False,-0.8708155342336215,1.2659867507835554,-1.0389096822119737,0.0,-1.031865822697669,0.0,True,1,0.14636224004366796,0.14636224004366796,0.0,0.0,0.0
124,-0.0,100.0,False,NORMAL,False,[],True,False,-0.9172408292809904,-0.03427762425447939,-1.1360787748954868,0.0,-1.0475742725119428,0.0,True,1,-0.0,0.0,0.0,0.0,0.0
125,0.06782710346700238,93.21728965329976,False,NORMAL,False,[],True,False,-0.8963057120353028,0.5618957616011198,-1.1825196162224583,0.0,-1.054660551632994,0.0,True,1,0.06782710346700238,0.06782710346700238,0.0,0.0,0.0
126,0.10648676655726255,89.35132334427375,False,NORMAL,False,[],True,False,-0.895239077605792,0.900753069601899,-1.1163360645047626,0.0,-1.0191691785971704,0.0,True,1,0.10648676655726255,0.10648676655726254,0.0,0.0,0.0
127,0.054571564335993854,94.54284356640062,False,NORMAL,False,[],True,False,-0.9291026904798182,0.4489366652558771,-1.074161548174306,0.0,-0.998255854293895,0.0,True,1,0.054571564335993854,0.054571564335993854,0.0,0.0,0.0
128,0.006906617815764861,99.30933821842352,False,NORMAL,False,[],True,False,-0.9451811693704891,0.055444631127874656,-1.1330887944057848,0.0,-1.0131285797606038,0.0,True,1,0.006906617815764861,0.006906617815764861,0.0,0.0,0.0
129,0.07453871961466753,92.54612803853325,False,NORMAL,False,[],True,False,-0.9755524336025804,0.6197038741788058,-1.0622174762744645,0.0,-1.0040037902097172,0.0,True,1,0.07453871961466753,0.07453871961466753,0.0,0.0,0.0
130,0.08087369060810592,91.91263093918941,False,NORMAL,False,[],True,False,-0.9716051435861788,0.6746537908782525,-1.1882749235134824,0.0,-1.037662053187011,0.0,True,1,0.08087369060810592,0.08087369060810592,0.0,0.0,0.0
131,0.0786039094661272,92.13960905338729,False,NORMAL,False,[],True,False,-0.958467039641786,0.6549221556187397,-1.109894235574086,0.0,-1.015008104255966,0.0,True,1,0.0786039094661272,0.0786039094661272,0.0,0.0,0.0
132,0.10056648854062825,89.94335114593717,False,NORMAL,False,[],True,False,-0.947564415916532,0.8479211643595063,-1.1142780808910704,0.0,-1.0293955728523057,0.0,True,1,0.10056648854062825,0.10056648854062825,0.0,0.0,0.0
133,0.019840560017976384,98.01594399820236,False,NORMAL,False,[],True,False,-0.9865261794025623,0.1603202135321784,-1.1428524274273226,0.0,-1.032145902638884,0.0,True,1,0.019840560017976384,0.019840560017976384,0.0,0.0,0.0
134,0.060297243963626526,93.97027560363735,False,NORMAL,False,[],True,False,-0.9864217104319842,0.49753336566241013,-1.1912356644937216,0.0,-1.0709430778041706,0.0,True,1,0.060297243963626526,0.060297243963626526,0.0,0.0,0.0
135,0.10295916193149356,89.70408380685065,False,NORMAL,False,[],True,False,-0.9581716729253928,0.8692311245603344,-1.1415316511479767,0.0,-1.0926169633229046,0.0,True,1,0.10295916193149356,0.10295916193149354,0.0,0.0,0.0
136,0.05891335526074283,94.10866447392571,False,NORMAL,False,[],True,False,-0.9406314474088233,0.48576053068525854,-1.0672387127420062,0.0,-1.0760845612453,0.0,True,1,0.05891335526074283,0.05891335526074283,0.0,0.0,0.0
137,-0.0,100.0,False,NORMAL,False,[],True,False,-0.943591792363218,-0.11839497450795201,-1.188264239726241,0.0,-1.0960836678710588,0.0,True,1,-0.0,0.0,0.0,0.0,0.0
138,-0.0,100.0,False,NORMAL,False,[],True,False,-1.0063477632861757,-0.2054456069230957,-1.2375989981795419,0.0,-1.1014045335642075,0.0,True,1,-0.0,0.0,0.0,0.0,0.0
139,0.09810591742025836,90.18940825797416,False,NORMAL,False,[],True,False,-0.975037398969436,0.8260655271381548,-1.1551638320055648,0.0,-1.0948022432361257,0.0,True,1,0.09810591742025836,0.09810591742025836,0.0,0.0,0.0
140,0.08215911351720645,91.78408864827936,False,NORMAL,False,[],True,False,-0.9498464583120546,0.6858498372467793,-1.10333532607975,0.0,-1.0765156974503172,0.0,True,1,0.08215911351720645,0.08215911351720645,0.0,0.0,0.0
141,-0.0,100.0,False,NORMAL,False,[],True,False,-0.968962488129808,-0.20020012046190802,-1.1138281170451039,0.0,-1.1231556013466382,0.0,True,1,-0.0,0.0,0.0,0.0,0.0
142,0.008597135584264493,99.14028644157355,False,NORMAL,False,[],True,False,-0.9473617696051638,0.06907443309149357,-1.144573359942746,0.0,-1.1274589275525748,0.0,True,1,0.008597135584264493,0.008597135584264493,0.0,0.0,0.0
143,0.0008048286728714191,99.91951713271285,False,NORMAL,False,[],True,False,-0.9864909989803451,0.006441221770787417,-1.2791220496697069,0.0,-1.1400272996821106,0.0,True,1,0.0008048286728714191,0.0008048286728714191,0.0,0.0,0.0
144,0.09886714399732448,90.11328560026756,False,NORMAL,False,[],True,False,-0.9782731216133174,0.8328206264082171,-1.2009956566583082,0.0,-1.1198246442134787,0.0,True,1,0.09886714399732448,0.09886714399732448,0.0,0.0,0.0
145,0.03449153625563464,96.55084637443653,False,NORMAL,False,[],True,False,-0.9241042010142558,0.28080328779601527,-1.1087915677636984,0.0,-1.1067367992703925,0.0,True,1,0.03449153625563464,0.03449153625563464,0.0,0.0,0.0
146,-0.0,100.0,False,NORMAL,False,[],True,False,-1.000783895722847,-0.5123252388244433,-1.227971161132668,0.0,-1.131427809176409,0.0,True,1,-0.0,0.0,0.0,0.0,0.0
147,0.06925890357260563,93.07410964273943,False,NORMAL,False,[],True,False,-0.998441087376258,0.5741930583561452,-1.1774644933976313,0.0,-1.1469793707731697,0.0,True,1,0.06925890357260563,0.06925890357260563,0.0,0.0,0.0
148,0.10978083831009482,89.02191616899053,False,NORMAL,False,[],True,False,-0.979588544296987,0.9303007798440084,-1.1494413170529652,0.0,-1.1113899759453494,0.0,True,1,0.10978083831009482,0.10978083831009482,0.0,0.0,0.0
149,-0.0,100.0,False,NORMAL,False,[],True,False,-1.0435992473422195,-0.20159455504098073,-1.2368149675149556,0.0,-1.1022264982136822,0.0,True,1,-0.0,0.0,0.0,0.0,0.0
150,0.052852566031837106,94.71474339681629,False,NORMAL,False,[],True,False,-1.0005435979204156,0.43440410100243887,-1.2538580372889063,0.0,-1.0785245424326977,0.0,True,1,0.052852566031837106,0.052852566031837106,0.0,0.0,0.0
151,0.034429288268502285,96.55707117314977,False,NORMAL,False,[],True,False,-0.992655210381402,0.2802875306965078,-1.16962958477032,0.0,-1.0713123059625698,0.0,True,1,0.034429288268502285,0.034429288268502285,0.0,0.0,0.0
152,0.043554191495554576,95.64458085044454,False,NORMAL,False,[],True,False,-0.9963683627221368,0.35624918191866217,-1.1619377706711018,0.0,-1.0841761528967246,0.0,True,1,0.043554191495554576,0.043554191495554576,0.0,0.0,0.0
153,0.021709561085811173,97.82904389141889,False,NORMAL,False,[],True,False,-1.0374640283151315,0.17558944583975838,-1.128931683705574,0.0,-1.0888588223387297,0.0,True,1,0.021709561085811173,0.02170956108581117,0.0,0.0,0.0
154,0.060486481924666574,93.95135180753334,False,NORMAL,False,[],True,False,-1.0185910478693498,0.4991445731793877,-1.1795227998929576,0.0,-1.0867619447461503,0.0,True,1,0.060486481924666574,0.060486481924666574,0.0,0.0,0.0
155,0.02123564027498081,97.87643597250192,False,NORMAL,False,[],True,False,-1.0547219181798881,0.17171488232381626,-1.2064650518673365,0.0,-1.065911696146409,0.0,True,1,0.02123564027498081,0.02123564027498081,0.0,0.0,0.0
156,-0.0,100.0,False,NORMAL,False,[],True,False,-1.039608737827758,-0.6493792975115856,-1.3389115930819668,0.0,-1.0617233709322813,0.0,True,1,-0.0,0.0,0.0,0.0,0.0
157,0.10136268195579648,89.86373180442035,False,NORMAL,False,[],True,False,-1.0494953646457739,0.8550060329121081,-1.1108873639196988,0.0,-1.0549085946816144,0.0,True,1,0.10136268195579648,0.10136268195579648,0.0,0.0,0.0
158,0.12477158817874924,87.52284118212508,False,NORMAL,False,[],True,False,-1.0391556413773266,1.0661630768691928,-1.0847491046948539,0.0,-1.09819697156407,0.0,True,1,0.12477158817874924,0.12477158817874924,0.0,0.0,0.0
159,0.015386862793842871,98.46131372061572,False,NORMAL,False,[],True,False,-1.0655384819546632,0.12405175250853508,-1.1125766575412248,0.0,-1.1128037693872508,0.0,True,1,0.015386862793842871,0.015386862793842871,0.0,0.0,0.0
160,-0.0,100.0,False,NORMAL,False,[],True,False,-1.0213574898639697,-0.09733591715159957,-1.1922669891816178,0.0,-1.1640259011509848,0.0,True,1,-0.0,0.0,0.0,0.0,0.0
161,0.06491657425025578,93.50834257497442,False,NORMAL,False,[],True,False,-0.995829275322151,0.5369562261840273,-1.2584884493530257,0.0,-1.1524393060399678,0.0,True,1,0.06491657425025578,0.06491657425025578,0.0,0.0,0.0
162,0.06606269138726527,93.39373086127347,False,NORMAL,False,[],True,False,-1.0170334452686687,0.546767715245424,-1.084531142964302,0.0,-1.1090439687168006,0.0,True,1,0.06606269138726527,0.06606269138726527,0.0,0.0,0.0
163,0.04873376422495676,95.12662357750432,False,NORMAL,False,[],True,False,-1.0078795546410086,0.3996904169603962,-1.0893628287164356,0.0,-1.0843496342269083,0.0,True,1,0.04873376422495676,0.04873376422495677,0.0,0.0,0.0
164,-0.0,100.0,False,NORMAL,False,[],True,False,-1.0302662111423213,-0.27204855764477787,-1.222201345546004,0.0,-1.1423472479833097,0.0,True,1,-0.0,0.0,0.0,0.0,0.0
165,-0.0,100.0,False,NORMAL,False,[],True,False,-1.0506715415378165,-0.026916484636520303,-1.2584435463914563,0.0,-1.1456350641455568,0.0,True,1,-0.0,0.0,0.0,0.0,0.0
166,0.0071669470405145265,99.28330529594854,False,NORMAL,False,[],True,False,-1.04752706872789,0.05754202383394013,-1.2521801113137496,0.0,-1.1730088942239059,0.0,True,1,0.0071669470405145265,0.0071669470405145265,0.0,0.0,0.0
167,0.1268471472614238,87.31528527385763,False,NORMAL,False,[],True,False,-1.0024879502351272,1.0851571953696695,-1.1760295403325445,0.0,-1.1269312349393834,0.0,True,1,0.1268471472614238,0.1268471472614238,0.0,0.0,0.0
168,-0.0,100.0,False,NORMAL,False,[],True,False,-1.086624719127728,-0.8269859118592049,-1.3478272527609765,0.0,-1.1591516532808224,0.0,True,1,-0.0,0.0,0.0,0.0,0.0
169,0.11986362045414269,88.01363795458573,False,NORMAL,False,[],True,False,-1.0508491756877292,1.0214272540870866,-1.2307399118741553,0.0,-1.1524646323095888,0.0,True,1,0.11986362045414269,0.11986362045414269,0.0,0.0,0.0
170,0.02098966587572862,97.90103341242714,False,NORMAL,False,[],True,False,-1.022490182696039,0.16970464569081264,-1.1115309565705858,0.0,-1.1396663438787975,0.0,True,1,0.02098966587572862,0.02098966587572862,0.0,0.0,0.0
171,0.029936745103185867,97.00632548968142,False,NORMAL,False,[],True,False,-1.0186332692219153,0.24315198701631696,-1.1907073766120244,0.0,-1.1183677353522106,0.0,True,1,0.029936745103185867,0.029936745103185863,0.0,0.0,0.0
172,-0.0,100.0,False,NORMAL,False,[],True,False,-1.0745832616780318,-0.6496616374542942,-1.218338736516259,0.0,-1.1412364153192862,0.0,True,1,-0.0,0.0,0.0,0.0,0.0
173,0.1564094154576234,84.35905845423765,False,NORMAL,False,[],True,False,-1.0413003566065966,1.360703931879002,-1.192884514195818,0.0,-1.0956004630990823,0.0,True,1,0.1564094154576234,0.15640941545762344,0.0,0.0,0.0
174,-0.0,100.0,False,NORMAL,False,[],True,False,-1.0910096533312277,-0.15855846998902964,-1.284714475634055,0.0,-1.0462629747556158,0.0,True,1,-0.0,0.0,0.0,0.0,0.0
175,-0.0,100.0,False,NORMAL,False,[],True,False,-1.1241340245557772,-0.1614166881953938,-1.2147356002500707,0.0,-1.0601592969612084,0.0,True,1,-0.0,0.0,0.0,0.0,0.0
176,0.06417606684208715,93.58239331579128,False,NORMAL,False,[],True,False,-1.1277131149522115,0.530623406393143,-1.3034812483412908,0.0,-1.0562858450906198,0.0,True,1,0.06417606684208715,0.06417606684208715,0.0,0.0,0.0
177,0.025526975139712114,97.44730248602879,False,NORMAL,False,[],True,False,-1.1568648109712152,0.2068675313839692,-1.3410849110302236,0.0,-1.1027377731550847,0.0,True,1,0.025526975139712114,0.025526975139712114,0.0,0.0,0.0
178,0.026663495617528336,97.33365043824716,False,NORMAL,False,[],True,False,-1.0700201547018384,0.21620331572823545,-1.3184212399586481,0.0,-1.092801337111149,0.0,True,1,0.026663495617528336,0.026663495617528336,0.0,0.0,0.0
179,-0.0,100.0,False,NORMAL,False,[],True,False,-1.101515969662497,-0.0011524654345643783,-1.2841653854278776,0.0,-1.1018156381358861,0.0,True,1,-0.0,0.0,0.0,0.0,0.0
180,0.02405656196909739,97.59434380309027,False,NORMAL,False,[],True,False,-1.1276370459708014,0.19480517668452052,-1.2257899154433383,0.0,-1.0681888125570673,0.0,True,1,0.02405656196909739,0.024056561969097393,0.0,0.0,0.0
181,0.10653765424954953,89.34623457504505,False,NORMAL,False,[],True,False,-1.0844743315353123,0.9012087015010095,-1.3288570310137244,0.0,-1.0822797396828974,0.0,True,1,0.10653765424954953,0.10653765424954952,0.0,0.0,0.0
182,-0.0,100.0,False,NORMAL,False,[],True,False,-1.0733535902744633,-0.15930358219382237,-1.2489212229627438,0.0,-1.18452634208632,0.0,True,1,-0.0,0.0,0.0,0.0,0.0
183,0.10102144722723097,89.8978552772769,False,NORMAL,False,[],True,False,-1.092195311923713,0.8519688124406701,-1.2153249212659358,0.0,-1.1970553821785037,0.0,True,1,0.10102144722723097,0.10102144722723097,0.0,0.0,0.0
184,0.09777527798631622,90.22247220136838,False,NORMAL,False,[],True,False,-1.0878184233089596,0.8231332196931942,-1.1833703693878008,0.0,-1.2370183809560027,0.0,True,1,0.09777527798631622,0.09777527798631622,0.0,0.0,0.0
185,-0.0,100.0,False,NORMAL,False,[],True,False,-1.1366587029790844,-0.6213391972282459,-1.3481764352737846,0.0,-1.3379379343813436,0.0,True,1,-0.0,0.0,0.0,0.0,0.0
186,0.031384310207949295,96.86156897920507,False,NORMAL,False,[],True,False,-1.1117744828909966,0.2550988057734685,-1.2639000593943592,0.0,-1.3815737671589254,0.0,True,1,0.031384310207949295,0.031384310207949295,0.0,0.0,0.0
187,0.02626885781121334,97.37311421887867,False,NORMAL,False,[],True,False,-1.125416664771302,0.21296038526373792,-1.2736647016608553,0.0,-1.3651986612005729,0.0,True,1,0.02626885781121334,0.02626885781121334,0.0,0.0,0.0
188,0.1146895080675284,88.53104919324716,False,NORMAL,False,[],True,False,-1.1003361418036859,0.9745348572944953,-1.1256244134435518,0.0,-1.310950847668129,0.0,True,1,0.1146895080675284,0.1146895080675284,0.0,0.0,0.0
189,-0.0,100.0,False,NORMAL,False,[],True,False,-1.1002108362472132,-0.5661112346784202,-1.2478607394192798,0.0,-1.4236640785800103,0.0,True,1,-0.0,0.0,0.0,0.0,0.0
190,0.11615351805507204,88.3846481944928,False,NORMAL,False,[],True,False,-1.0769111044216233,0.9877751550710199,-1.2451734408167587,0.0,-1.3962851549833115,0.0,True,1,0.11615351805507204,0.11615351805507203,0.0,0.0,0.0
191,0.05952882693295197,94.0471173067048,False,NORMAL,False,[],True,False,-1.0695030790734923,0.49099425085764975,-1.2918047554498857,0.0,-1.3576030068191218,0.0,True,1,0.05952882693295197,0.05952882693295197,0.0,0.0,0.0
192,-0.0,100.0,False,NORMAL,False,[],True,False,-1.1339295944687304,-0.7582820742555048,-1.3826985163664067,0.0,-1.3271494237449262,0.0,True,1,-0.0,0.0,0.0,0.0,0.0
193,0.13035617348931194,86.9643826510688,False,NORMAL,False,[],True,False,-1.1381454418048886,1.117372367789962,-1.3258556673170272,0.0,-1.3905554302773224,0.0,True,1,0.13035617348931194,0.13035617348931194,0.0,0.0,0.0
194,0.025623667603614248,97.43763323963857,False,NORMAL,False,[],True,False,-1.1552092350747556,0.20766137387258585,-1.3413096272986622,0.0,-1.3977543640331798,0.0,True,1,0.025623667603614248,0.025623667603614248,0.0,0.0,0.0
195,-0.0,100.0,False,NORMAL,False,[],True,False,-1.1896321648627748,-0.18387108806623645,-1.3736824553626281,0.0,-1.4032925869766548,0.0,True,1,-0.0,0.0,0.0,0.0,0.0
196,0.11732962453688982,88.26703754631102,False,NORMAL,False,[],True,False,-1.0927977810748026,0.9984275903481273,-1.2650624310963021,0.0,-1.341075982723128,0.0,True,1,0.11732962453688982,0.11732962453688982,0.0,0.0,0.0
197,0.02026648102560207,97.9733518974398,False,NORMAL,False,[],True,False,-1.089934378206178,0.16379730966548978,-1.319276776078147,0.0,-1.2837115518638833,0.0,True,1,0.02026648102560207,0.02026648102560207,0.0,0.0,0.0
198,0.05678861845798141,94.32113815420186,False,NORMAL,False,[],True,False,-1.120525632757806,0.4677189030985337,-1.1504024481886792,0.0,-1.281095449568835,0.0,True,1,0.05678861845798141,0.0567886184579814,0.0,0.0,0.0
199,0.031031410756602068,96.8968589243398,False,NORMAL,False,[],True,False,-1.136536781436773,0.25218466606605827,-1.2460914386151243,0.0,-1.287892820348409,0.0,True,1,0.031031410756602068,0.031031410756602068,0.0,0.0,0.0
200,-0.0,100.0,False,NORMAL,False,[],True,False,-1.11222940830888,-0.04209429919037815,-1.348652785356039,0.0,-1.2955227428286014,0.0,True,1,-0.0,0.0,0.0,0.0,0.0
201,0.1278910795671913,87.21089204328088,False,NORMAL,False,[],True,False,-1.0352386238332238,1.0947276329630817,-1.1653003033902367,0.0,-1.2306209483111614,0.0,True,1,0.1278910795671913,0.1278910795671913,0.0,0.0,0.0
202,-0.0,100.0,False,NORMAL,False,[],True,False,-1.1410056161914812,-1.1415786156665724,-1.3045737297615094,0.0,-1.248508313112189,0.0,True,1,-0.0,0.0,0.0,0.0,0.0
203,0.08348609776976822,91.65139022302317,False,NORMAL,False,[],True,False,-1.1330698513396806,0.6974243439208838,-1.3647584739265881,0.0,-1.2594488300882585,0.0,True,1,0.08348609776976822,0.08348609776976823,0.0,0.0,0.0
204,0.08190975240310593,91.80902475968941,False,NORMAL,False,[],True,False,-1.1543614258091028,0.6836766741165933,-1.2946355091152102,0.0,-1.1818632017619657,0.0,True,1,0.08190975240310593,0.08190975240310593,0.0,0.0,0.0
205,0.09658112990285869,90.34188700971413,False,NORMAL,False,[],True,False,-1.0814269468447797,0.8125517449191362,-1.243387164976883,0.0,-1.1986105856594131,0.0,True,1,0.09658112990285869,0.09658112990285869,0.0,0.0,0.0
206,0.0023424021393098505,99.76575978606903,False,NORMAL,False,[],True,False,-1.080173829658501,0.018761198839009115,-1.1640210901227057,0.0,-1.18611382292486,0.0,True,1,0.0023424021393098505,0.0023424021393098505,0.0,0.0,0.0
207,0.03327474112710581,96.67252588728942,False,NORMAL,False,[],True,False,-1.0660641020060642,0.2707275270833639,-1.2138823697549403,0.0,-1.137345549248476,0.0,True,1,0.03327474112710581,0.03327474112710581,0.0,0.0,0.0
208,0.02560747119370957,97.43925288062904,False,NORMAL,False,[],True,False,-1.0434530326382576,0.20752839629703032,-1.1821486778547285,0.0,-1.092722809123476,0.0,True,1,0.02560747119370957,0.02560747119370957,0.0,0.0,0.0
209,-0.0,100.0,False,NORMAL,False,[],True,False,-1.0429208745676706,-0.11873284862801955,-1.0970071296695747,0.0,-1.1584156964720622,0.0,True,1,-0.0,0.0,0.0,0.0,0.0
210,0.01247919865539131,98.75208013446087,False,NORMAL,False,[],True,False,-1.10327160564549,0.10046174220758805,-1.2678314780333548,0.0,-1.2210880272888627,0.0,True,1,0.01247919865539131,0.012479198655391308,0.0,0.0,0.0
211,0.06321165778623573,93.67883422137643,False,NORMAL,False,[],True,False,-1.1117595437216756,0.5223832883180931,-1.3129241136678456,0.0,-1.25700125574783,0.0,True,1,0.06321165778623573,0.06321165778623573,0.0,0.0,0.0
212,0.10340495880811343,89.65950411918865,False,NORMAL,False,[],True,False,-1.073367504696178,0.8732078236525336,-1.271589288285185,0.0,-1.2841946244921847,0.0,True,1,0.10340495880811343,0.10340495880811343,0.0,0.0,0.0
213,-0.0,100.0,False,NORMAL,False,[],True,False,-1.1104848227222648,-0.38482091742529384,-1.2720561123015302,0.0,-1.287682727754537,0.0,True,1,-0.0,0.0,0.0,0.0,0.0
214,-0.0,100.0,False,NORMAL,False,[],True,False,-1.1727369682034379,-0.1252459382966582,-1.3083540088834387,0.0,-1.2799031612670448,0.0,True,1,-0.0,0.0,0.0,0.0,0.0
215,0.042032995182018876,95.79670048179811,False,NORMAL,False,[],True,False,-1.1834470138703128,0.34353554671432546,-1.3329682803668872,0.0,-1.1164958924792348,0.0,True,1,0.042032995182018876,0.042032995182018876,0.0,0.0,0.0
216,0.12347410102775515,87.65258989722449,False,NORMAL,False,[],True,False,-1.166170639340435,1.0543122150877755,-1.3542803132924188,0.0,-1.0703886625435686,0.0,True,1,0.12347410102775515,0.12347410102775515,0.0,0.0,0.0
217,-0.0,100.0,False,NORMAL,False,[],True,False,-1.0916178561201266,-0.2611462499872157,-1.2264734386237484,0.0,-1.0240384586551214,0.0,True,1,-0.0,0.0,0.0,0.0,0.0
218,0.024151152717928236,97.58488472820717,False,NORMAL,False,[],True,False,-1.1534559769939068,0.19558059320494997,-1.2969305402358156,0.0,-1.1120908807704293,0.0,True,1,0.024151152717928236,0.02415115271792824,0.0,0.0,0.0
219,0.09666157710881226,90.33384228911878,False,NORMAL,False,[],True,False,-1.1455384364789987,0.8132641567638832,-1.3190231831147345,0.0,-1.1444208046648159,0.0,True,1,0.09666157710881226,0.09666157710881228,0.0,0.0,0.0
220,0.024928697476110488,97.50713025238895,False,NORMAL,False,[],True,False,-1.136976383581729,0.2019574389158654,-1.3173637249993213,0.0,-1.204665896516797,0.0,True,1,0.024928697476110488,0.024928697476110488,0.0,0.0,0.0
221,-0.0,100.0,False,NORMAL,False,[],True,False,-1.2174175925989212,-0.5590345035433232,-1.2951003545294066,0.0,-1.1424754271194388,0.0,True,1,-0.0,0.0,0.0,0.0,0.0
222,0.17026892742783487,82.97310725721651,False,NORMAL,False,[],True,False,-1.1228529631685282,1.4932291171434622,-1.3537306667537337,0.0,-1.1420414141881263,0.0,True,1,0.17026892742783487,0.17026892742783487,0.0,0.0,0.0
223,0.009392819527670493,99.06071804723295,False,NORMAL,False,[],True,False,-1.1515422304307983,0.07549768196011399,-1.345295435282779,0.0,-1.2051339808969244,0.0,True,1,0.009392819527670493,0.009392819527670493,0.0,0.0,0.0
224,0.11546878417186604,88.4531215828134,False,NORMAL,False,[],True,False,-1.0852526732602479,0.9815797915507547,-1.2937588379447336,0.0,-1.1947650143094835,0.0,True,1,0.11546878417186604,0.11546878417186604,0.0,0.0,0.0
225,-0.0,100.0,False,NORMAL,False,[],True,False,-1.1636172890263543,-0.9189890500905824,-1.2603368179355772,0.0,-1.194343763240483,0.0,True,1,-0.0,0.0,0.0,0.0,0.0
226,0.10282534182910827,89.71746581708916,False,NORMAL,False,[],True,False,-1.1615272195765391,0.8680377775813217,-1.2446167626224398,0.0,-1.1214495459184168,0.0,True,1,0.10282534182910827,0.10282534182910827,0.0,0.0,0.0
227,0.13324416795222377,86.67558320477762,False,NORMAL,False,[],True,False,-1.1044299934307207,1.1439837264058423,-1.0771663416029311,0.0,-1.2352449776018386,0.0,True,1,0.13324416795222377,0.13324416795222377,0.0,0.0,0.0
228,-0.0,100.0,False,NORMAL,False,[],True,False,-1.1145017797602357,-0.5653647545315817,-1.1555736938570023,0.0,-1.3077587232209056,0.0,True,1,-0.0,0.0,0.0,0.0,0.0
229,0.0666875154541563,93.33124845458437,False,NORMAL,False,[],True,False,-1.1160287610061252,0.5521216777843522,-1.2600605391222948,0.0,-1.3865060986823712,0.0,True,1,0.0666875154541563,0.0666875154541563,0.0,0.0,0.0
230,0.10047198705663522,89.95280129433648,False,NORMAL,False,[],True,False,-1.0895275735072167,0.8470806662583692,-1.2582269284340042,0.0,-1.4876225158305585,0.0,True,1,0.10047198705663522,0.10047198705663521,0.0,0.0,0.0
231,0.05420304291852873,94.57969570814713,False,NORMAL,False,[],True,False,-1.0574088857687285,0.4458189285880598,-1.1318468152096064,0.0,-1.4365274655259697,0.0,True,1,0.05420304291852873,0.05420304291852873,0.0,0.0,0.0
232,-0.0,100.0,False,NORMAL,False,[],True,False,-1.2078563766307848,-2.031906076227811,-1.3947475301877577,0.0,-1.4959817549263503,0.0,True,1,-0.0,0.0,0.0,0.0,0.0
233,0.1542273057433728,84.57726942566272,False,NORMAL,False,[],True,False,-1.176786786734176,1.340037107115378,-1.4398341699393087,0.0,-1.4628022942549919,0.0,True,1,0.1542273057433728,0.1542273057433728,0.0,0.0,0.0
234,-0.0,100.0,False,NORMAL,False,[],True,False,-1.199992905815108,-0.13453305329180104,-1.3249731508753249,0.0,-1.5229397310184116,0.0,True,1,-0.0,0.0,0.0,0.0,0.0
235,0.14033266013145332,85.96673398685468,False,NORMAL,False,[],True,False,-1.10735727733404,1.2096782293823929,-1.1498378875325266,0.0,-1.5286346082026827,0.0,True,1,0.14033266013145332,0.14033266013145332,0.0,0.0,0.0
236,0.004731260206631776,99.52687397933683,False,NORMAL,False,[],True,False,-1.1542296577453017,0.03793990437405571,-1.2878616443908555,0.0,-1.5958912865611503,0.0,True,1,0.004731260206631776,0.004731260206631776,0.0,0.0,0.0
237,0.19524691086648532,80.47530891335145,False,NORMAL,False,[],True,False,-1.0884055151319783,1.7377581614842397,-1.1283617833354778,0.0,-1.6455668220655733,0.0,True,1,0.19524691086648532,0.19524691086648532,0.0,0.0,0.0
238,-0.0,100.0,False,NORMAL,False,[],True,False,-1.1682414195682231,-0.9442724440351471,-1.3104745230448867,0.0,-1.6521790308822055,0.0,True,1,-0.0,0.0,0.0,0.0,0.0
239,0.030287079465871714,96.97129205341282,False,NORMAL,False,[],True,False,-1.1546057952798237,0.24604167600977728,-1.3389329216288834,0.0,-1.627579504716521,0.0,True,1,0.030287079465871714,0.030287079465871718,0.0,0.0,0.0
240,-0.0,100.0,False,NORMAL,False,[],True,False,-1.2546240712587096,-0.33761492143825284,-1.392083530045161,0.0,-1.6397470145081177,0.0,True,1,-0.0,0.0,0.0,0.0,0.0
241,-0.0,100.0,False,NORMAL,False,[],True,False,-1.204788615926072,-0.09881382620891778,-1.4216520587392525,0.0,-1.6294811964387426,0.0,True,1,-0.0,0.0,0.0,0.0,0.0
242,0.17083854416857933,82.91614558314207,False,NORMAL,False,[],True,False,-1.1370267165999182,1.498723064493306,-1.2854651788575753,0.0,-1.4010681769012248,0.0,True,1,0.17083854416857933,0.17083854416857933,0.0,0.0,0.0
243,0.036727494041880276,96.32725059581198,False,NORMAL,False,[],True,False,-1.087623276982977,0.2993514491310001,-1.1658884446839977,0.0,-1.3433943907023387,0.0,True,1,0.036727494041880276,0.036727494041880276,0.0,0.0,0.0
244,-0.0,100.0,False,NORMAL,False,[],True,False,-1.1843103401349921,-0.7130915829773445,-1.3553598580061363,0.0,-1.2851169645907123,0.0,True,1,-0.0,0.0,0.0,0.0,0.0
245,0.06100524097710391,93.89947590228961,False,NORMAL,False,[],True,False,-1.1965157652962062,0.5035630498777244,-1.2835059722207598,0.0,-1.2225362278400045,0.0,True,1,0.06100524097710391,0.06100524097710391,0.0,0.0,0.0
246,-0.0,100.0,False,NORMAL,False,[],True,False,-1.123844732009299,-0.8176078306008452,-1.2965701009064423,0.0,-1.234525932649791,0.0,True,1,-0.0,0.0,0.0,0.0,0.0
247,0.09086805167765671,90.91319483223432,False,NORMAL,False,[],True,False,-1.0891410404220399,0.7621203013493503,-1.2633536761117974,0.0,-1.2763530388001814,0.0,True,1,0.09086805167765671,0.09086805167765671,0.0,0.0,0.0
248,0.1554633560288706,84.45366439711293,False,NORMAL,False,[],True,False,-1.0525013059465433,1.3517372188321057,-1.0999100241662934,0.0,-1.3199339424961818,0.0,True,1,0.1554633560288706,0.15546335602887057,0.0,0.0,0.0
249,-0.0,100.0,False,NORMAL,False,[],True,False,-1.2166881254416182,-1.2472773399872754,-1.27854575632593,0.0,-1.332307646457138,0.0,True,1,-0.0,0.0,0.0,0.0,0.0
250,0.1770631779688299,82.29368220311702,False,NORMAL,False,[],True,False,-1.0744160621440377,1.5590067736473106,-1.232255140812271,0.0,-1.3733069287412603,0.0,True,1,0.1770631779688299,0.1770631779688299,0.0,0.0,0.0
251,-0.0,100.0,False,NORMAL,False,[],True,False,-1.1451782929459045,-0.5336671159617902,-1.2467945137950387,0.0,-1.46809498709228,0.0,True,1,-0.0,0.0,0.0,0.0,0.0
252,0.16977479941148652,83.02252005885134,False,NORMAL,False,[],True,False,-1.0730389362679258,1.488466311867851,-1.0842721179156674,0.0,-1.4376812194460247,0.0,True,1,0.16977479941148652,0.1697747994114865,0.0,0.0,0.0
253,-0.0,100.0,False,NORMAL,False,[],True,False,-1.1099720652260794,-0.5084562048817004,-1.2489704182751011,0.0,-1.4223355992286963,0.0,True,1,-0.0,0.0,0.0,0.0,0.0
254,0.057053795991612824,94.29462040083871,False,NORMAL,False,[],True,False,-1.0577445673256982,0.46996836549688314,-1.1906855016933946,0.0,-1.313287853437074,0.0,True,1,0.057053795991612824,0.057053795991612824,0.0,0.0,0.0
255,-0.0,100.0,False,NORMAL,False,[],True,False,-1.2028568103736106,-1.0651733084846347,-1.3334008562108697,0.0,-1.2216001337404065,0.0,True,1,-0.0,0.0,0.0,0.0,0.0
256,0.21277220745435316,78.72277925456468,False,NORMAL,False,[],True,False,-1.1143382270879059,1.9139010263689813,-1.141713896955168,0.0,-1.175275797580698,0.0,True,1,0.21277220745435316,0.21277220745435316,0.0,0.0,0.0
257,-0.0,100.0,False,NORMAL,False,[],True,False,-1.1714001044395856,-0.016082551285834475,-1.2059623844969167,0.0,-1.086911750173041,0.0,True,1,-0.0,0.0,0.0,0.0,0.0
258,-0.0,100.0,False,NORMAL,False,[],True,False,-1.1362788112712654,-0.24206411840409378,-1.3629596498100736,0.0,-1.1020910480129962,0.0,True,1,-0.0,0.0,0.0,0.0,0.0
259,-0.0,100.0,False,NORMAL,False,[],True,False,-1.164329886947627,-0.22910582907315644,-1.4656981896343135,0.0,-1.2038345427490438,0.0,True,1,-0.0,0.0,0.0,0.0,0.0
260,0.01624646493780469,98.37535350621953,False,NORMAL,False,[],True,False,-1.2335313869215032,0.13103908640902076,-1.3781124418616661,0.0,-1.1224993918828168,0.0,True,1,0.01624646493780469,0.01624646493780469,0.0,0.0,0.0
261,0.1845250566125885,81.54749433874116,False,NORMAL,False,[],True,False,-1.1612278822037059,1.6318766628244337,-1.2512747244258122,0.0,-0.9790926370928181,0.0,True,1,0.1845250566125885,0.1845250566125885,0.0,0.0,0.0
262,-0.0,100.0,False,NORMAL,False,[],True,False,-1.2871907831473324,-0.9231618798283668,-1.3557420841281986,0.0,-1.045537067379086,0.0,True,1,-0.0,0.0,0.0,0.0,0.0
263,0.13209864039900399,86.7901359600996,False,NORMAL,False,[],True,False,-1.2449948060213156,1.1334176943367473,-1.3199598643492387,0.0,-1.0762046508833727,0.0,True,1,0.13209864039900399,0.13209864039900399,0.0,0.0,0.0
264,0.06926078228888458,93.07392177111154,False,NORMAL,False,[],True,False,-1.1636730344906419,0.5742092065046026,-1.1909623933320326,0.0,-0.9716016550449069,0.0,True,1,0.06926078228888458,0.06926078228888458,0.0,0.0,0.0
265,-0.0,100.0,False,NORMAL,False,[],True,False,-1.1547057167137276,-0.418651699806056,-1.3237235374448428,0.0,-1.0619375176826387,0.0,True,1,-0.0,0.0,0.0,0.0,0.0
266,0.06465826805073642,93.53417319492637,False,NORMAL,False,[],True,False,-1.179170850729882,0.5347466220191283,-1.4049465635655265,0.0,-1.228016352615306,0.0,True,1,0.06465826805073642,0.06465826805073642,0.0,0.0,0.0
267,0.030355293937414908,96.96447060625852,False,NORMAL,False,[],True,False,-1.1943071365498328,0.24660445593761168,-1.4278294662664721,0.0,-1.3100257983875319,0.0,True,1,0.030355293937414908,0.030355293937414908,0.0,0.0,0.0
268,-0.0,100.0,False,NORMAL,False,[],True,False,-1.2810110279845475,-0.16512533754190492,-1.334771425144734,0.0,-1.3776577335207372,0.0,True,1,-0.0,0.0,0.0,0.0,0.0
269,0.23113199157349895,76.8868008426501,False,NORMAL,False,['loss_level_or_jump'],True,False,-1.173940081985228,2.102687717969007,-1.1627903984250427,0.0,-1.4215790176257206,0.0,True,1,0.23113199157349895,0.23113199157349895,0.0,0.0,0.0
270,-0.0,100.0,False,NORMAL,False,[],True,False,-1.3015294626673717,-0.9813822168726308,-1.3856352485325363,0.0,-1.4003583676452995,0.0,True,1,-0.0,0.0,0.0,0.0,0.0
271,0.13817238269282142,86.18276173071786,False,NORMAL,False,[],True,False,-1.1463483083454196,1.1896000659132917,-1.1658872947459054,0.0,-1.4568355890987739,0.0,True,1,0.13817238269282142,0.13817238269282142,0.0,0.0,0.0
272,-0.0,100.0,False,NORMAL,False,[],True,False,-1.2005119785503897,-0.28185903723823735,-1.3650953632216076,0.0,-1.5198585748014515,0.0,True,1,-0.0,0.0,0.0,0.0,0.0
273,0.15233316588523763,84.76668341147624,False,NORMAL,False,[],True,False,-1.0927048355866509,1.3221408375049617,-1.1176369370643715,0.0,-1.5303651653141337,0.0,True,1,0.15233316588523763,0.15233316588523763,0.0,0.0,0.0
274,-0.0,100.0,False,NORMAL,False,[],True,False,-1.1109765580766051,-0.0463714373324051,-1.1029422885866609,0.0,-1.4310240792718483,0.0,True,1,-0.0,0.0,0.0,0.0,0.0
275,-0.0,100.0,False,NORMAL,False,[],True,False,-1.1424941211130082,-0.7908529259559773,-1.2847495599950365,0.0,-1.4743983408227588,0.0,True,1,-0.0,0.0,0.0,0.0,0.0
276,0.01869690147213888,98.13030985278611,False,NORMAL,False,[],True,False,-1.1725555689605625,0.15099118560135927,-1.1224108532782726,0.0,-1.4872827441459473,0.0,True,1,0.01869690147213888,0.01869690147213888,0.0,0.0,0.0
277,0.02988645512383826,97.01135448761617,False,NORMAL,False,[],True,False,-1.129647277896151,0.2427372620954561,-1.2070374830531931,0.0,-1.5830994282102915,0.0,True,1,0.02988645512383826,0.02988645512383826,0.0,0.0,0.0
278,0.026556507916975714,97.34434920830243,False,NORMAL,False,[],True,False,-1.1441536413785192,0.21532401595441755,-1.2595616357866029,0.0,-1.4674513972858525,0.0,True,1,0.026556507916975714,0.026556507916975714,0.0,0.0,0.0
279,0.10891973105051825,89.10802689494818,False,NORMAL,False,[],True,False,-1.1487885361415782,0.9225661356907123,-1.2309843452054263,0.0,-1.3399465998495244,0.0,True,1,0.10891973105051825,0.10891973105051825,0.0,0.0,0.0
280,-0.0,100.0,False,NORMAL,False,[],True,False,-1.1653306404200694,-0.3155952564472521,-1.218951679669309,0.0,-1.3529546204950336,0.0,True,1,-0.0,0.0,0.0,0.0,0.0
281,-0.0,100.0,False,NORMAL,False,[],True,False,-1.1841888431435064,-0.22360462994980426,-1.253963788640038,0.0,-1.4789711514271704,0.0,True,1,-0.0,0.0,0.0,0.0,0.0
282,-0.0,100.0,False,NORMAL,False,[],True,False,-1.2500740320713914,-0.2164956822874666,-1.403339338644822,0.0,-1.4719011766641115,0.0,True,1,-0.0,0.0,0.0,0.0,0.0
283,0.009793573074760302,99.02064269252398,False,NORMAL,False,[],True,False,-1.2487278712028589,0.07873476434736003,-1.3585993244483092,0.0,-1.3140042967367174,0.0,True,1,0.009793573074760302,0.009793573074760302,0.0,0.0,0.0
284,0.11745389802219908,88.2546101977801,False,NORMAL,False,[],True,False,-1.113375368697123,0.9995540107014631,-1.3292535505727205,0.0,-1.2617608590916836,0.0,True,1,0.11745389802219908,0.11745389802219908,0.0,0.0,0.0
285,-0.0,100.0,False,NORMAL,False,[],True,False,-1.1780558370446113,-0.23224051368751628,-1.3270290284333288,0.0,-1.2636697321178672,0.0,True,1,-0.0,0.0,0.0,0.0,0.0
286,0.029516009180622197,97.04839908193777,False,NORMAL,False,[],True,False,-1.2008418364741433,0.23968297852844764,-1.3619980592921497,0.0,-1.270115969457237,0.0,True,1,0.029516009180622197,0.029516009180622197,0.0,0.0,0.0
287,0.07800017393201976,92.19998260679803,False,NORMAL,False,[],True,False,-1.173123775025119,0.6496819525760262,-1.2265109869119424,0.0,-1.2769854222168464,0.0,True,1,0.07800017393201976,0.07800017393201976,0.0,0.0,0.0
288,0.05404057182683326,94.59594281731667,False,NORMAL,False,[],True,False,-1.1713052242224444,0.44444478892939066,-1.2668785139519296,0.0,-1.2925924163317184,0.0,True,1,0.05404057182683326,0.054040571826833264,0.0,0.0,0.0
289,-0.0,100.0,False,NORMAL,False,[],True,False,-1.1790082957405348,-0.4696266341469484,-1.2156240315037672,0.0,-1.3100537681660334,0.0,True,1,-0.0,0.0,0.0,0.0,0.0
290,0.03472541024240972,96.52745897575903,False,NORMAL,False,[],True,False,-1.1109759626341045,0.28274135318348353,-1.090758421889689,0.0,-1.2727641222310104,0.0,True,1,0.03472541024240972,0.03472541024240972,0.0,0.0,0.0
291,0.06354414628466254,93.64558537153374,False,NORMAL,False,[],True,False,-1.0847342604645167,0.52522318289364,-1.0785322196187783,0.0,-1.2570839644494074,0.0,True,1,0.06354414628466254,0.06354414628466254,0.0,0.0,0.0
292,-0.0,100.0,False,NORMAL,False,[],True,False,-1.2105037319731276,-1.1194821029634234,-1.3325905770588053,0.0,-1.243626979969572,0.0,True,1,-0.0,0.0,0.0,0.0,0.0
293,0.08360564002262472,91.63943599773752,False,NORMAL,False,[],True,False,-1.179617108808982,0.6984678637128194,-1.2991185888940269,0.0,-1.3584187695157195,0.0,True,1,0.08360564002262472,0.08360564002262472,0.0,0.0,0.0
294,0.06815225682432291,93.18477431756772,False,NORMAL,False,[],True,False,-1.1515505389696041,0.5646867466680601,-1.2948504758775792,0.0,-1.4657545932216423,0.0,True,1,0.06815225682432291,0.06815225682432291,0.0,0.0,0.0
295,-0.0,100.0,False,NORMAL,False,[],True,False,-1.2540930710794573,-1.0003950858497759,-1.4398686013668152,0.0,-1.4783647057586462,0.0,True,1,-0.0,0.0,0.0,0.0,0.0
296,-0.0,100.0,False,NORMAL,False,[],True,False,-1.2457979796682714,-0.10788822015392444,-1.547698175166975,0.0,-1.6038050116395637,0.0,True,1,-0.0,0.0,0.0,0.0,0.0
297,0.14779578770775573,85.22042122922443,False,NORMAL,False,[],True,False,-1.100265547101061,1.279432760670815,-1.3628148846506787,0.0,-1.6055373712338998,0.0,True,1,0.14779578770775573,0.14779578770775573,0.0,0.0,0.0
298,0.017611912043940525,98.23880879560595,False,NORMAL,False,[],True,False,-1.143501903843325,0.14215077691733424,-1.2235791247457257,0.0,-1.4271546475132217,0.0,True,1,0.017611912043940525,0.017611912043940525,0.0,0.0,0.0
299,0.0013801757064820347,99.8619824293518,False,NORMAL,False,[],True,False,-1.1578800112771763,0.011049032209913792,-1.187486568621708,0.0,-1.2321158381095714,0.0,True,1,0.0013801757064820347,0.0013801757064820345,0.0,0.0,0.0
300,0.0144381302555567,98.55618697444433,False,NORMAL,False,[],True,False,-1.1725882014356293,0.11634699443762406,-1.3808689199555644,0.0,-1.1958095024863515,0.0,True,1,0.0144381302555567,0.014438130255556698,0.0,0.0,0.0
301,0.1704947633298384,82.95052366701616,False,NORMAL,False,[],True,False,-1.095596527561507,1.4954068506189426,-1.2351117678126167,0.0,-1.2096210683708362,0.0,True,1,0.1704947633298384,0.1704947633298384,0.0,0.0,0.0
302,0.016181414793348194,98.38185852066518,False,NORMAL,False,[],True,False,-1.1467460237423193,0.13051010843613664,-1.179278754039845,0.0,-1.1194201247415017,0.0,True,1,0.016181414793348194,0.016181414793348194,0.0,0.0,0.0
303,-0.0,100.0,False,NORMAL,False,[],True,False,-1.22379176084695,-0.4590398764760849,-1.374542122951872,0.0,-1.0154894233313136,0.0,True,1,-0.0,0.0,0.0,0.0,0.0
304,0.020697269977961386,97.93027300220386,False,NORMAL,False,[],True,False,-1.222144726289431,0.1673156842501246,-1.4112928406346192,0.0,-0.9353857771589962,0.0,True,1,0.020697269977961386,0.020697269977961383,0.0,0.0,0.0
305,0.03447951798537198,96.55204820146281,False,NORMAL,False,[],True,False,-1.1991955915827908,0.28070370755687524,-1.4621373053617692,0.0,-0.8646576102428795,0.0,True,1,0.03447951798537198,0.03447951798537198,0.0,0.0,0.0
306,-0.0,100.0,False,NORMAL,False,[],True,False,-1.2382510568439231,-0.17746129481950212,-1.5534097184187914,0.0,-0.8162108694791967,0.0,True,1,-0.0,0.0,0.0,0.0,0.0
307,-0.0,100.0,False,NORMAL,False,[],True,False,-1.3355549347619313,-0.2722522265607232,-1.632084014108566,0.0,-0.8796711263039152,0.0,True,1,-0.0,0.0,0.0,0.0,0.0
308,-0.0,100.0,False,NORMAL,False,[],True,False,-1.25402117975794,-0.36427945133488787,-1.4623491152834773,0.0,-0.9916451671017986,0.0,True,1,-0.0,0.0,0.0,0.0,0.0
309,0.06345975641064366,93.65402435893564,False,NORMAL,False,[],True,False,-1.2592919961628581,0.5245022855104802,-1.4134783387854652,0.0,-1.0065045720772299,0.0,True,1,0.06345975641064366,0.06345975641064366,0.0,0.0,0.0
310,0.13239837720116893,86.7601622798831,False,NORMAL,False,[],True,False,-1.1683666872772047,1.136181036682429,-1.1926002466645367,0.0,-0.9635986852388396,0.0,True,1,0.13239837720116893,0.13239837720116893,0.0,0.0,0.0
311,-0.0,100.0,False,NORMAL,False,[],True,False,-1.186828884468669,-0.7023884290669431,-1.3170076962903454,0.0,-0.9460699913855487,0.0,True,1,-0.0,0.0,0.0,0.0,0.0
312,0.023841115082202165,97.61588849177978,False,NORMAL,False,[],True,False,-1.1759228950252343,0.19303931115390996,-1.3413869804137752,0.0,-0.9806304564509117,0.0,True,1,0.023841115082202165,0.023841115082202165,0.0,0.0,0.0
313,0.16140617502355634,83.85938249764436,False,NORMAL,False,[],True,False,-1.1126539669797497,1.408230462108719,-1.240094518140286,0.0,-0.984731468924905,0.0,True,1,0.16140617502355634,0.16140617502355634,0.0,0.0,0.0
314,-0.0,100.0,False,NORMAL,False,[],True,False,-1.1804904806478616,-0.918959166320147,-1.349728589813778,0.0,-1.1397371432225647,0.0,True,1,-0.0,0.0,0.0,0.0,0.0
315,0.113909496179337,88.6090503820663,False,NORMAL,False,[],True,False,-1.1778334523485228,0.9674894784968078,-1.2225777389633699,0.0,-1.1969791568609955,0.0,True,1,0.113909496179337,0.11390949617933699,0.0,0.0,0.0
316,-0.0,100.0,False,NORMAL,False,[],True,False,-1.1828463652942247,-0.3478461817950572,-1.2866904254605813,0.0,-1.298798646274353,0.0,True,1,-0.0,0.0,0.0,0.0,0.0
317,-0.0,100.0,False,NORMAL,False,[],True,False,-1.1780181349106083,-0.09207604378880842,-1.3472226121734017,0.0,-1.2892958952351885,0.0,True,1,-0.0,0.0,0.0,0.0,0.0
318,-0.0,100.0,False,NORMAL,False,[],True,False,-1.2247611154833022,-0.1320308317759762,-1.3573509675689666,0.0,-1.3009099063704097,0.0,True,1,-0.0,0.0,0.0,0.0,0.0
319,0.025818373729323444,97.41816262706764,False,NORMAL,False,[],True,False,-1.25256991467461,0.2092601449062412,-1.256323541999104,0.0,-1.4148244654062254,0.0,True,1,0.025818373729323444,0.025818373729323444,0.0,0.0,0.0
