step,run_id,loss,grad_norm,clipped_grad_norm,learning_rate,update_norm,param_norm,tokens,optimizer_step_applied
0,tiny-transformer-normal-7,3.6719326972961426,1.007941484451294,0.9999990463256836,0.002,0.41055652499198914,56.65966033935547,288,True
1,tiny-transformer-normal-7,3.522101402282715,0.97532057762146,0.9753206372261047,0.002,0.34940269589424133,56.658203125,288,True
2,tiny-transformer-normal-7,3.343733549118042,0.9292222261428833,0.9292222261428833,0.002,0.3347831070423126,56.65830612182617,288,True
3,tiny-transformer-normal-7,3.2462635040283203,1.015081763267517,0.9999991059303284,0.002,0.31867751479148865,56.66047286987305,288,True
4,tiny-transformer-normal-7,3.1139729022979736,0.924515962600708,0.924515962600708,0.002,0.31092891097068787,56.664390563964844,288,True
5,tiny-transformer-normal-7,3.018831729888916,0.9119659662246704,0.9119660258293152,0.002,0.30916494131088257,56.66968536376953,288,True
6,tiny-transformer-normal-7,2.874922513961792,0.9459362626075745,0.9459363222122192,0.002,0.3059470057487488,56.67664337158203,288,True
7,tiny-transformer-normal-7,2.7817463874816895,0.8813122510910034,0.8813121914863586,0.002,0.3068784177303314,56.685020446777344,288,True
8,tiny-transformer-normal-7,2.666513442993164,0.9114828705787659,0.9114829301834106,0.002,0.30555853247642517,56.69504928588867,288,True
9,tiny-transformer-normal-7,2.5693671703338623,0.9023519158363342,0.9023519158363342,0.002,0.3055310845375061,56.706199645996094,288,True
10,tiny-transformer-normal-7,2.47699236869812,0.8850354552268982,0.8850354552268982,0.002,0.304567813873291,56.71851348876953,288,True
11,tiny-transformer-normal-7,2.335756540298462,0.8999384641647339,0.8999384045600891,0.002,0.30369290709495544,56.7324333190918,288,True
12,tiny-transformer-normal-7,2.184750556945801,0.8699636459350586,0.8699636459350586,0.002,0.30329445004463196,56.747894287109375,288,True
13,tiny-transformer-normal-7,2.066530466079712,0.8741613030433655,0.874161422252655,0.002,0.3003925681114197,56.765052795410156,288,True
14,tiny-transformer-normal-7,1.9944850206375122,0.8838866949081421,0.8838868141174316,0.002,0.29956871271133423,56.783817291259766,288,True
15,tiny-transformer-normal-7,1.8966325521469116,0.8481189608573914,0.8481190204620361,0.002,0.2983543276786804,56.80411911010742,288,True
16,tiny-transformer-normal-7,1.7929030656814575,0.8385708332061768,0.8385708332061768,0.002,0.29662856459617615,56.82588195800781,288,True
17,tiny-transformer-normal-7,1.659721851348877,0.8351146578788757,0.8351146578788757,0.002,0.2950904667377472,56.84899139404297,288,True
18,tiny-transformer-normal-7,1.5684101581573486,0.8113836646080017,0.8113837242126465,0.002,0.29291027784347534,56.873435974121094,288,True
19,tiny-transformer-normal-7,1.4751629829406738,0.800600528717041,0.800600528717041,0.002,0.29082706570625305,56.89907455444336,288,True
20,tiny-transformer-normal-7,1.3791285753250122,0.8246911764144897,0.8246912360191345,0.002,0.2862655222415924,56.92565155029297,288,True
21,tiny-transformer-normal-7,1.289565920829773,0.7480466961860657,0.7480466365814209,0.002,0.28323107957839966,56.952919006347656,288,True
22,tiny-transformer-normal-7,1.2070726156234741,0.7257023453712463,0.7257022857666016,0.002,0.27918070554733276,56.98074722290039,288,True
23,tiny-transformer-normal-7,1.0979533195495605,0.6947150826454163,0.694715142250061,0.002,0.2746177315711975,57.00909423828125,288,True
24,tiny-transformer-normal-7,1.0494799613952637,0.6892683506011963,0.6892683506011963,0.002,0.2707585394382477,57.03779983520508,288,True
25,tiny-transformer-normal-7,0.9770375490188599,0.679976224899292,0.679976224899292,0.002,0.2664772570133209,57.06658172607422,288,True
26,tiny-transformer-normal-7,0.9324833750724792,0.6493077278137207,0.6493076682090759,0.002,0.261079341173172,57.095176696777344,288,True
27,tiny-transformer-normal-7,0.8475040793418884,0.6375850439071655,0.6375849843025208,0.002,0.2552562355995178,57.12376403808594,288,True
28,tiny-transformer-normal-7,0.7829861044883728,0.6023530960083008,0.602353036403656,0.002,0.2504744529724121,57.15210723876953,288,True
29,tiny-transformer-normal-7,0.7119495868682861,0.5801001191139221,0.5801001191139221,0.002,0.24487297236919403,57.18035888671875,288,True
30,tiny-transformer-normal-7,0.6617938280105591,0.5424737334251404,0.5424736738204956,0.002,0.23924916982650757,57.2081413269043,288,True
31,tiny-transformer-normal-7,0.6318327784538269,0.5412100553512573,0.5412100553512573,0.002,0.234345942735672,57.23553466796875,288,True
32,tiny-transformer-normal-7,0.5979021787643433,0.5136889815330505,0.5136889815330505,0.002,0.22951127588748932,57.262386322021484,288,True
33,tiny-transformer-normal-7,0.5407770276069641,0.47717857360839844,0.47717857360839844,0.002,0.2230023294687271,57.288734436035156,288,True
34,tiny-transformer-normal-7,0.5045272707939148,0.4766855835914612,0.4766855835914612,0.002,0.21784208714962006,57.314476013183594,288,True
35,tiny-transformer-normal-7,0.4591122269630432,0.43366923928260803,0.43366923928260803,0.002,0.21141530573368073,57.33958435058594,288,True
36,tiny-transformer-normal-7,0.4176436960697174,0.4113457202911377,0.4113457202911377,0.002,0.20506098866462708,57.364044189453125,288,True
37,tiny-transformer-normal-7,0.3844772279262543,0.38580307364463806,0.38580307364463806,0.002,0.19891594350337982,57.3878173828125,288,True
38,tiny-transformer-normal-7,0.38461172580718994,0.39390799403190613,0.39390796422958374,0.002,0.1938878893852234,57.41084289550781,288,True
39,tiny-transformer-normal-7,0.3358239531517029,0.3509787321090698,0.35097870230674744,0.002,0.1874784678220749,57.43300247192383,288,True
40,tiny-transformer-normal-7,0.31885313987731934,0.3650623559951782,0.3650623857975006,0.002,0.18162614107131958,57.4543571472168,288,True
41,tiny-transformer-normal-7,0.28653013706207275,0.3212042450904846,0.3212042450904846,0.002,0.1753167062997818,57.474971771240234,288,True
42,tiny-transformer-normal-7,0.28382858633995056,0.3127388060092926,0.312738835811615,0.002,0.169663205742836,57.49482345581055,288,True
43,tiny-transformer-normal-7,0.25951138138771057,0.28778761625289917,0.28778761625289917,0.002,0.16441404819488525,57.513946533203125,288,True
44,tiny-transformer-normal-7,0.2549346387386322,0.3046380877494812,0.3046380877494812,0.002,0.16021783649921417,57.5323486328125,288,True
45,tiny-transformer-normal-7,0.22295182943344116,0.2595019042491913,0.25950193405151367,0.002,0.15342864394187927,57.550174713134766,288,True
46,tiny-transformer-normal-7,0.20930206775665283,0.24667981266975403,0.24667981266975403,0.002,0.14818446338176727,57.5672607421875,288,True
47,tiny-transformer-normal-7,0.1922849416732788,0.22568009793758392,0.22568011283874512,0.002,0.14212661981582642,57.583736419677734,288,True
48,tiny-transformer-normal-7,0.17847205698490143,0.21604026854038239,0.21604026854038239,0.002,0.13693928718566895,57.599586486816406,288,True
49,tiny-transformer-normal-7,0.16859261691570282,0.20727436244487762,0.20727436244487762,0.002,0.1314646303653717,57.6148681640625,288,True
50,tiny-transformer-normal-7,0.16147327423095703,0.19942161440849304,0.19942161440849304,0.002,0.1262412667274475,57.62949752807617,288,True
51,tiny-transformer-normal-7,0.15469978749752045,0.1914215236902237,0.1914215236902237,0.002,0.12154624611139297,57.64346694946289,288,True
52,tiny-transformer-normal-7,0.14351457357406616,0.18092776834964752,0.18092775344848633,0.002,0.11733595281839371,57.65690612792969,288,True
53,tiny-transformer-normal-7,0.1336742341518402,0.17029094696044922,0.1702909618616104,0.002,0.11236293613910675,57.66977310180664,288,True
54,tiny-transformer-normal-7,0.1260930597782135,0.16163025796413422,0.1616302728652954,0.002,0.10778115689754486,57.68206787109375,288,True
55,tiny-transformer-normal-7,0.12127050012350082,0.15724481642246246,0.15724481642246246,0.002,0.10360535234212875,57.693763732910156,288,True
56,tiny-transformer-normal-7,0.11787549406290054,0.15263277292251587,0.15263277292251587,0.002,0.09989536553621292,57.70494842529297,288,True
57,tiny-transformer-normal-7,0.10853436589241028,0.1417222023010254,0.1417222023010254,0.002,0.09565503150224686,57.71565628051758,288,True
58,tiny-transformer-normal-7,0.10657420009374619,0.13973857462406158,0.13973857462406158,0.002,0.09175240248441696,57.72589111328125,288,True
59,tiny-transformer-normal-7,0.09926707297563553,0.13072773814201355,0.13072773814201355,0.002,0.08822346478700638,57.735633850097656,288,True
60,tiny-transformer-normal-7,0.09479980170726776,0.12756773829460144,0.12756773829460144,0.002,0.08476129919290543,57.74489212036133,288,True
61,tiny-transformer-normal-7,0.09302700310945511,0.1256115585565567,0.1256115585565567,0.002,0.08171257376670837,57.75366973876953,288,True
62,tiny-transformer-normal-7,0.08640629053115845,0.11631898581981659,0.11631899327039719,0.002,0.07871699333190918,57.76205062866211,288,True
63,tiny-transformer-normal-7,0.0814184918999672,0.10946768522262573,0.10946769267320633,0.002,0.0753718763589859,57.770057678222656,288,True
64,tiny-transformer-normal-7,0.08212640881538391,0.11184311658143997,0.11184311658143997,0.002,0.0730343759059906,57.77768325805664,288,True
65,tiny-transformer-normal-7,0.07705613225698471,0.1072109267115593,0.1072109267115593,0.002,0.07022599875926971,57.7849235534668,288,True
66,tiny-transformer-normal-7,0.07409615814685822,0.10174143314361572,0.10174144059419632,0.002,0.06759623438119888,57.79181671142578,288,True
67,tiny-transformer-normal-7,0.0695711001753807,0.09744259715080261,0.09744260460138321,0.002,0.06492935121059418,57.798404693603516,288,True
68,tiny-transformer-normal-7,0.0668703019618988,0.09337278455495834,0.09337278455495834,0.002,0.062475912272930145,57.80465316772461,288,True
69,tiny-transformer-normal-7,0.06619546562433243,0.09308744221925735,0.09308744221925735,0.002,0.06043494492769241,57.81062316894531,288,True
70,tiny-transformer-normal-7,0.06286456435918808,0.08793506026268005,0.08793506026268005,0.002,0.057999372482299805,57.81629943847656,288,True
71,tiny-transformer-normal-7,0.06133895367383957,0.08588696271181107,0.08588696271181107,0.002,0.055953528732061386,57.82171630859375,288,True
72,tiny-transformer-normal-7,0.060425836592912674,0.08483852446079254,0.08483852446079254,0.002,0.05415715277194977,57.82688522338867,288,True
73,tiny-transformer-normal-7,0.05803097039461136,0.08112622797489166,0.08112622797489166,0.002,0.0524296760559082,57.83182907104492,288,True
74,tiny-transformer-normal-7,0.05552830919623375,0.08025486022233963,0.08025486022233963,0.002,0.0506366565823555,57.8365592956543,288,True
75,tiny-transformer-normal-7,0.05418975651264191,0.07722506672143936,0.07722505927085876,0.002,0.04901612177491188,57.84107208251953,288,True
76,tiny-transformer-normal-7,0.05182908475399017,0.07596611976623535,0.07596611976623535,0.002,0.04731236770749092,57.84535598754883,288,True
77,tiny-transformer-normal-7,0.052712440490722656,0.07764188945293427,0.07764188200235367,0.002,0.04579848051071167,57.84947967529297,288,True
78,tiny-transformer-normal-7,0.05049493536353111,0.07210254669189453,0.07210254669189453,0.002,0.044393762946128845,57.85343551635742,288,True
79,tiny-transformer-normal-7,0.04902388155460358,0.07095715403556824,0.07095715403556824,0.002,0.043123066425323486,57.857215881347656,288,True
80,tiny-transformer-normal-7,0.046823158860206604,0.06822791695594788,0.06822790950536728,0.002,0.041882846504449844,57.86082077026367,288,True
81,tiny-transformer-normal-7,0.047029878944158554,0.06964002549648285,0.06964002549648285,0.002,0.040823839604854584,57.86427307128906,288,True
82,tiny-transformer-normal-7,0.045796800404787064,0.06780867278575897,0.06780867278575897,0.002,0.03994319960474968,57.86758804321289,288,True
83,tiny-transformer-normal-7,0.04355910047888756,0.06326503306627274,0.06326503306627274,0.002,0.038842808455228806,57.870784759521484,288,True
84,tiny-transformer-normal-7,0.04362114146351814,0.06483477354049683,0.06483477354049683,0.002,0.03805466741323471,57.873863220214844,288,True
85,tiny-transformer-normal-7,0.040941789746284485,0.060237109661102295,0.060237109661102295,0.002,0.036607954651117325,57.87683868408203,288,True
86,tiny-transformer-normal-7,0.04088761657476425,0.06165217235684395,0.06165217235684395,0.002,0.03600239008665085,57.879676818847656,288,True
87,tiny-transformer-normal-7,0.03960536792874336,0.057461705058813095,0.057461708784103394,0.002,0.035021767020225525,57.88240432739258,288,True
88,tiny-transformer-normal-7,0.038505665957927704,0.056610241532325745,0.056610237807035446,0.002,0.034028977155685425,57.885040283203125,288,True
89,tiny-transformer-normal-7,0.03826373815536499,0.056723013520240784,0.05672301724553108,0.002,0.03313976898789406,57.887569427490234,288,True
90,tiny-transformer-normal-7,0.03735426813364029,0.055146295577287674,0.055146295577287674,0.002,0.03229014575481415,57.890018463134766,288,True
91,tiny-transformer-normal-7,0.03617212548851967,0.053786128759384155,0.053786128759384155,0.002,0.0315098837018013,57.89239501953125,288,True
92,tiny-transformer-normal-7,0.03646080940961838,0.05389195308089256,0.05389195680618286,0.002,0.030804065987467766,57.89469909667969,288,True
93,tiny-transformer-normal-7,0.034919049590826035,0.053504910320043564,0.053504910320043564,0.002,0.030100595206022263,57.8969612121582,288,True
94,tiny-transformer-normal-7,0.03459431603550911,0.0517093688249588,0.0517093688249588,0.002,0.029520753771066666,57.899147033691406,288,True
95,tiny-transformer-normal-7,0.0338655561208725,0.05072202533483505,0.05072202533483505,0.002,0.028754783794283867,57.90127182006836,288,True
96,tiny-transformer-normal-7,0.03278053179383278,0.04916934669017792,0.049169350415468216,0.002,0.028142187744379044,57.903324127197266,288,True
97,tiny-transformer-normal-7,0.03293476998806,0.04893159493803978,0.04893159866333008,0.002,0.027699435129761696,57.905303955078125,288,True
98,tiny-transformer-normal-7,0.03192787244915962,0.04799652099609375,0.04799652099609375,0.002,0.02713445946574211,57.907230377197266,288,True
99,tiny-transformer-normal-7,0.031161248683929443,0.0465860515832901,0.0465860515832901,0.002,0.026627426967024803,57.90911865234375,288,True
100,tiny-transformer-normal-7,0.03128271922469139,0.047364506870508194,0.047364506870508194,0.002,0.026267098262906075,57.91094207763672,288,True
101,tiny-transformer-normal-7,0.030657252296805382,0.04657411947846413,0.046574123203754425,0.002,0.025902511551976204,57.9127082824707,288,True
102,tiny-transformer-normal-7,0.0299660824239254,0.0450083389878273,0.0450083389878273,0.002,0.025522606447339058,57.9144172668457,288,True
103,tiny-transformer-normal-7,0.02925983816385269,0.04464372247457504,0.04464372247457504,0.002,0.025213800370693207,57.916080474853516,288,True
104,tiny-transformer-normal-7,0.028602438047528267,0.04321267828345299,0.04321267828345299,0.002,0.024768460541963577,57.917694091796875,288,True
105,tiny-transformer-normal-7,0.028331534937024117,0.04309285432100296,0.04309285804629326,0.002,0.02445465512573719,57.91925811767578,288,True
106,tiny-transformer-normal-7,0.028031084686517715,0.04229825735092163,0.04229825735092163,0.002,0.023850077763199806,57.920772552490234,288,True
107,tiny-transformer-normal-7,0.027025364339351654,0.04064692184329033,0.04064692556858063,0.002,0.023473957553505898,57.92226791381836,288,True
108,tiny-transformer-normal-7,0.027186475694179535,0.04198348894715309,0.04198348522186279,0.002,0.023328440263867378,57.92373275756836,288,True
109,tiny-transformer-normal-7,0.02632044069468975,0.04040886089205742,0.04040886089205742,0.002,0.022970300167798996,57.92517852783203,288,True
110,tiny-transformer-normal-7,0.02607770822942257,0.04019083082675934,0.04019083455204964,0.002,0.022568456828594208,57.92658233642578,288,True
111,tiny-transformer-normal-7,0.026082156226038933,0.040496982634067535,0.04049697890877724,0.002,0.0222700834274292,57.92797088623047,288,True
112,tiny-transformer-normal-7,0.024816932156682014,0.03803885355591774,0.03803885355591774,0.002,0.021879812702536583,57.9293327331543,288,True
113,tiny-transformer-normal-7,0.024672895669937134,0.0375630185008049,0.0375630222260952,0.002,0.021349124610424042,57.930667877197266,288,True
114,tiny-transformer-normal-7,0.024347838014364243,0.03820537030696869,0.03820537030696869,0.002,0.02098684385418892,57.93196105957031,288,True
115,tiny-transformer-normal-7,0.024374784901738167,0.03756742179393768,0.03756742179393768,0.002,0.020878920331597328,57.9332160949707,288,True
116,tiny-transformer-normal-7,0.024355240166187286,0.03830791637301445,0.03830791637301445,0.002,0.02059607394039631,57.93446731567383,288,True
117,tiny-transformer-normal-7,0.02327103354036808,0.03605116158723831,0.03605116158723831,0.002,0.02025635354220867,57.93568801879883,288,True
118,tiny-transformer-normal-7,0.02326684258878231,0.03587250038981438,0.03587250038981438,0.002,0.01997697539627552,57.9368782043457,288,True
119,tiny-transformer-normal-7,0.02286035567522049,0.03531688451766968,0.03531688451766968,0.002,0.019705235958099365,57.93804168701172,288,True
120,tiny-transformer-normal-7,0.022325219586491585,0.034347958862781525,0.034347958862781525,0.002,0.01959482952952385,57.939170837402344,288,True
121,tiny-transformer-normal-7,0.02257371135056019,0.03454005345702171,0.03454005345702171,0.002,0.019468382000923157,57.94028091430664,288,True
122,tiny-transformer-normal-7,0.021709313616156578,0.033846981823444366,0.033846985548734665,0.002,0.01913844794034958,57.94137191772461,288,True
123,tiny-transformer-normal-7,0.02211158163845539,0.03443057835102081,0.03443057835102081,0.002,0.019009621813893318,57.94245910644531,288,True
124,tiny-transformer-normal-7,0.021212760359048843,0.03306069225072861,0.03306069225072861,0.002,0.018647680059075356,57.94352722167969,288,True
125,tiny-transformer-normal-7,0.020899197086691856,0.032488614320755005,0.032488614320755005,0.002,0.018326852470636368,57.944580078125,288,True
126,tiny-transformer-normal-7,0.020964011549949646,0.03254846855998039,0.032548464834690094,0.002,0.01826542243361473,57.945579528808594,288,True
127,tiny-transformer-normal-7,0.020641125738620758,0.03218430280685425,0.03218430280685425,0.002,0.01809590682387352,57.94658279418945,288,True
128,tiny-transformer-normal-7,0.01996043138206005,0.031282369047403336,0.031282369047403336,0.002,0.01784602180123329,57.94755935668945,288,True
129,tiny-transformer-normal-7,0.019770728424191475,0.03222455084323883,0.03222455456852913,0.002,0.017679426819086075,57.94852066040039,288,True
130,tiny-transformer-normal-7,0.01962682418525219,0.03061738796532154,0.03061738796532154,0.002,0.017389217391610146,57.949440002441406,288,True
131,tiny-transformer-normal-7,0.019467346370220184,0.03066219761967659,0.03066219575703144,0.002,0.01725626550614834,57.95033264160156,288,True
132,tiny-transformer-normal-7,0.019459793344140053,0.03021314926445484,0.03021315112709999,0.002,0.017051950097084045,57.951202392578125,288,True
133,tiny-transformer-normal-7,0.01892711967229843,0.030025776475667953,0.030025776475667953,0.002,0.01690930686891079,57.952056884765625,288,True
134,tiny-transformer-normal-7,0.01865687407553196,0.02934935688972473,0.02934935688972473,0.002,0.016616493463516235,57.95288848876953,288,True
135,tiny-transformer-normal-7,0.018786191940307617,0.029692010954022408,0.02969200909137726,0.002,0.016486700624227524,57.95369338989258,288,True
136,tiny-transformer-normal-7,0.0186317041516304,0.029822692275047302,0.029822690412402153,0.002,0.016463985666632652,57.954505920410156,288,True
137,tiny-transformer-normal-7,0.018144551664590836,0.02849627658724785,0.02849627658724785,0.002,0.016264593228697777,57.955291748046875,288,True
138,tiny-transformer-normal-7,0.01759858801960945,0.02786370925605297,0.02786370925605297,0.002,0.016029497608542442,57.95606231689453,288,True
139,tiny-transformer-normal-7,0.01772293820977211,0.027778545394539833,0.027778545394539833,0.002,0.015817156061530113,57.95681381225586,288,True
140,tiny-transformer-normal-7,0.01779431849718094,0.02792907878756523,0.02792907878756523,0.002,0.01579975336790085,57.95755386352539,288,True
141,tiny-transformer-normal-7,0.017353540286421776,0.027897033840417862,0.027897033840417862,0.002,0.01552013773471117,57.95827102661133,288,True
142,tiny-transformer-normal-7,0.017068125307559967,0.027529122307896614,0.027529120445251465,0.002,0.015459557995200157,57.9589729309082,288,True
143,tiny-transformer-normal-7,0.016747035086154938,0.026340004056692123,0.026340005919337273,0.002,0.015254544094204903,57.95966720581055,288,True
144,tiny-transformer-normal-7,0.0168788842856884,0.026369821280241013,0.026369821280241013,0.002,0.015204583294689655,57.96035385131836,288,True
145,tiny-transformer-normal-7,0.01670932210981846,0.026558339595794678,0.026558339595794678,0.002,0.01503200363367796,57.961021423339844,288,True
146,tiny-transformer-normal-7,0.016115086153149605,0.025610599666833878,0.025610601529479027,0.002,0.01473197154700756,57.9616813659668,288,True
147,tiny-transformer-normal-7,0.016090279445052147,0.02586183324456215,0.025861831381917,0.002,0.014565271325409412,57.96232223510742,288,True
148,tiny-transformer-normal-7,0.01623304933309555,0.025974290445446968,0.025974290445446968,0.002,0.014560237526893616,57.962928771972656,288,True
149,tiny-transformer-normal-7,0.015817712992429733,0.025184771046042442,0.025184771046042442,0.002,0.014434464275836945,57.96353530883789,288,True
150,tiny-transformer-normal-7,0.015713222324848175,0.024916499853134155,0.024916499853134155,0.002,0.014512062072753906,57.96411895751953,288,True
151,tiny-transformer-normal-7,0.015531810000538826,0.025450557470321655,0.025450557470321655,0.002,0.014351069927215576,57.964691162109375,288,True
152,tiny-transformer-normal-7,0.01539239939302206,0.024459099397063255,0.024459097534418106,0.002,0.014277569018304348,57.96525192260742,288,True
153,tiny-transformer-normal-7,0.015171322971582413,0.024365385994315147,0.024365389719605446,0.002,0.014171769842505455,57.96579360961914,288,True
154,tiny-transformer-normal-7,0.015100415796041489,0.023922232910990715,0.023922231048345566,0.002,0.014043369330465794,57.966312408447266,288,True
155,tiny-transformer-normal-7,0.014899538829922676,0.023787906393408775,0.023787906393408775,0.002,0.014018559828400612,57.96683120727539,288,True
156,tiny-transformer-normal-7,0.014371853321790695,0.022939331829547882,0.022939331829547882,0.002,0.01384799275547266,57.96733474731445,288,True
157,tiny-transformer-normal-7,0.014435900375247002,0.023372832685709,0.023372832685709,0.002,0.01375142764300108,57.96782302856445,288,True
158,tiny-transformer-normal-7,0.014586205594241619,0.023346934467554092,0.023346934467554092,0.002,0.013571562245488167,57.968299865722656,288,True
159,tiny-transformer-normal-7,0.014395881444215775,0.023224636912345886,0.023224636912345886,0.002,0.013464453630149364,57.96877670288086,288,True
160,tiny-transformer-normal-7,0.014136407524347305,0.022761594504117966,0.022761594504117966,0.002,0.013275709003210068,57.9692497253418,288,True
161,tiny-transformer-normal-7,0.014090453274548054,0.022428369149565697,0.022428369149565697,0.002,0.013161592185497284,57.96970748901367,288,True
162,tiny-transformer-normal-7,0.014052195474505424,0.022762484848499298,0.022762484848499298,0.002,0.013100821524858475,57.970149993896484,288,True
163,tiny-transformer-normal-7,0.013978403061628342,0.02282058261334896,0.02282058261334896,0.002,0.013105274178087711,57.970584869384766,288,True
164,tiny-transformer-normal-7,0.01369459554553032,0.02214749902486801,0.02214750088751316,0.002,0.012932565994560719,57.97101974487305,288,True
165,tiny-transformer-normal-7,0.01348552480340004,0.02165369689464569,0.02165369875729084,0.002,0.012884681113064289,57.971458435058594,288,True
166,tiny-transformer-normal-7,0.013301427476108074,0.021548684686422348,0.0215486828237772,0.002,0.012727873399853706,57.97188186645508,288,True
167,tiny-transformer-normal-7,0.013405155390501022,0.02195437066257,0.02195437066257,0.002,0.012694437056779861,57.9722785949707,288,True
168,tiny-transformer-normal-7,0.01299212034791708,0.020833075046539307,0.020833075046539307,0.002,0.012618619948625565,57.972694396972656,288,True
169,tiny-transformer-normal-7,0.013083350844681263,0.02108253724873066,0.02108253724873066,0.002,0.01258158776909113,57.97307586669922,288,True
170,tiny-transformer-normal-7,0.012946692295372486,0.021096909418702126,0.021096907556056976,0.002,0.012556811794638634,57.97346496582031,288,True
171,tiny-transformer-normal-7,0.012829167768359184,0.02055305987596512,0.02055305987596512,0.002,0.012548591941595078,57.97385787963867,288,True
172,tiny-transformer-normal-7,0.012480296194553375,0.020383693277835846,0.020383693277835846,0.002,0.012344500049948692,57.97423553466797,288,True
173,tiny-transformer-normal-7,0.01263671275228262,0.020473888143897057,0.020473890006542206,0.002,0.012316497974097729,57.9745979309082,288,True
174,tiny-transformer-normal-7,0.012428275309503078,0.02005268819630146,0.02005268819630146,0.002,0.012313778512179852,57.974952697753906,288,True
175,tiny-transformer-normal-7,0.01220678724348545,0.01987571083009243,0.01987571083009243,0.002,0.012170693837106228,57.975303649902344,288,True
176,tiny-transformer-normal-7,0.012152716517448425,0.01977802813053131,0.01977802813053131,0.002,0.012087247334420681,57.97563934326172,288,True
177,tiny-transformer-normal-7,0.012020949274301529,0.01953345537185669,0.01953345350921154,0.002,0.011996896006166935,57.97596740722656,288,True
178,tiny-transformer-normal-7,0.01190053392201662,0.01929618790745735,0.01929618790745735,0.002,0.01189451850950718,57.976287841796875,288,True
179,tiny-transformer-normal-7,0.011730712838470936,0.019284594804048538,0.019284596666693687,0.002,0.011760401539504528,57.97658920288086,288,True
180,tiny-transformer-normal-7,0.011604581028223038,0.019363489001989365,0.019363489001989365,0.002,0.011791106313467026,57.976871490478516,288,True
181,tiny-transformer-normal-7,0.011628431268036366,0.018672052770853043,0.018672054633498192,0.002,0.01173665001988411,57.977134704589844,288,True
182,tiny-transformer-normal-7,0.01142468024045229,0.018815914168953896,0.018815914168953896,0.002,0.011504385620355606,57.977413177490234,288,True
183,tiny-transformer-normal-7,0.011437010020017624,0.01863500103354454,0.01863500289618969,0.002,0.011366072110831738,57.97765350341797,288,True
184,tiny-transformer-normal-7,0.011441881768405437,0.01872711256146431,0.01872711069881916,0.002,0.011310744099318981,57.9779052734375,288,True
185,tiny-transformer-normal-7,0.011158345267176628,0.018064241856336594,0.018064241856336594,0.002,0.01112845353782177,57.97814178466797,288,True
186,tiny-transformer-normal-7,0.011046498082578182,0.0183448176831007,0.01834481582045555,0.002,0.011105852201581001,57.9783821105957,288,True
187,tiny-transformer-normal-7,0.01092627551406622,0.017832526937127113,0.017832526937127113,0.002,0.01102010440081358,57.978614807128906,288,True
188,tiny-transformer-normal-7,0.010958243161439896,0.018100908026099205,0.018100909888744354,0.002,0.01098724827170372,57.97883987426758,288,True
189,tiny-transformer-normal-7,0.010708298534154892,0.01746838539838791,0.01746838539838791,0.002,0.010852018371224403,57.97904968261719,288,True
190,tiny-transformer-normal-7,0.010724026709794998,0.017526419833302498,0.017526419833302498,0.002,0.010812549851834774,57.9792594909668,288,True
191,tiny-transformer-normal-7,0.010666819289326668,0.01748124696314335,0.017481248825788498,0.002,0.010729807429015636,57.97946548461914,288,True
192,tiny-transformer-normal-7,0.010398567654192448,0.01703754998743534,0.01703754998743534,0.002,0.01071151066571474,57.97966003417969,288,True
193,tiny-transformer-normal-7,0.010458055883646011,0.017130089923739433,0.017130089923739433,0.002,0.010601576417684555,57.9798469543457,288,True
194,tiny-transformer-normal-7,0.010361146181821823,0.017007265239953995,0.017007265239953995,0.002,0.010550097562372684,57.98001480102539,288,True
195,tiny-transformer-normal-7,0.010194565169513226,0.016664259135723114,0.016664259135723114,0.002,0.010516567155718803,57.98019027709961,288,True
196,tiny-transformer-normal-7,0.010239706374704838,0.01699903979897499,0.01699904166162014,0.002,0.01053957361727953,57.980342864990234,288,True
197,tiny-transformer-normal-7,0.010138952173292637,0.016555946320295334,0.016555946320295334,0.002,0.010401120409369469,57.980506896972656,288,True
198,tiny-transformer-normal-7,0.01009867712855339,0.016889424994587898,0.016889424994587898,0.002,0.010261538438498974,57.980655670166016,288,True
199,tiny-transformer-normal-7,0.0100104296579957,0.016547713428735733,0.016547713428735733,0.002,0.010176011361181736,57.980804443359375,288,True
200,tiny-transformer-normal-7,0.009883706457912922,0.01624566689133644,0.01624566875398159,0.002,0.010112141259014606,57.98093032836914,288,True
201,tiny-transformer-normal-7,0.009926668368279934,0.01650419645011425,0.01650419645011425,0.002,0.010105852968990803,57.981048583984375,288,True
202,tiny-transformer-normal-7,0.009635750204324722,0.01599094457924366,0.01599094457924366,0.002,0.010048734955489635,57.981170654296875,288,True
203,tiny-transformer-normal-7,0.009619418531656265,0.01566319726407528,0.01566319726407528,0.002,0.010015826672315598,57.98127746582031,288,True
204,tiny-transformer-normal-7,0.00960103515535593,0.01582244411110878,0.01582244411110878,0.002,0.01008746400475502,57.98137664794922,288,True
205,tiny-transformer-normal-7,0.009602310135960579,0.01591990888118744,0.01591990701854229,0.002,0.010038325563073158,57.981475830078125,288,True
206,tiny-transformer-normal-7,0.009487543255090714,0.01578579470515251,0.015785792842507362,0.002,0.010047315619885921,57.98157501220703,288,True
207,tiny-transformer-normal-7,0.009410628117620945,0.015620476566255093,0.015620477497577667,0.002,0.010026003234088421,57.981666564941406,288,True
208,tiny-transformer-normal-7,0.00932468194514513,0.015425390563905239,0.015425390563905239,0.002,0.010089042596518993,57.98174285888672,288,True
209,tiny-transformer-normal-7,0.009196382015943527,0.01552727073431015,0.01552727073431015,0.002,0.009908459149301052,57.98182678222656,288,True
210,tiny-transformer-normal-7,0.00909822341054678,0.015009286813437939,0.015009286813437939,0.002,0.009820661507546902,57.981895446777344,288,True
211,tiny-transformer-normal-7,0.009057554416358471,0.014847866259515285,0.01484786719083786,0.002,0.009680265560746193,57.98194122314453,288,True
212,tiny-transformer-normal-7,0.009060966782271862,0.014941159635782242,0.014941160567104816,0.002,0.009578433819115162,57.98199462890625,288,True
213,tiny-transformer-normal-7,0.008907348848879337,0.014711529016494751,0.014711528085172176,0.002,0.00954479444772005,57.98203659057617,288,True
214,tiny-transformer-normal-7,0.008778969757258892,0.014661121182143688,0.014661121182143688,0.002,0.009516583755612373,57.982078552246094,288,True
215,tiny-transformer-normal-7,0.0087124677374959,0.014647888019680977,0.014647888951003551,0.002,0.00956741999834776,57.98210906982422,288,True
216,tiny-transformer-normal-7,0.008743676356971264,0.014578655362129211,0.014578656293451786,0.002,0.009513282217085361,57.982147216796875,288,True
217,tiny-transformer-normal-7,0.008612244389951229,0.014588647522032261,0.014588645659387112,0.002,0.009518642909824848,57.98216247558594,288,True
218,tiny-transformer-normal-7,0.008535970002412796,0.014130589552223682,0.014130589552223682,0.002,0.009393641725182533,57.982181549072266,288,True
219,tiny-transformer-normal-7,0.008536473847925663,0.014086004346609116,0.014086004346609116,0.002,0.009371098130941391,57.982177734375,288,True
220,tiny-transformer-normal-7,0.008463690988719463,0.013983050361275673,0.013983050361275673,0.002,0.00930290948599577,57.98217010498047,288,True
221,tiny-transformer-normal-7,0.008301696740090847,0.013975544832646847,0.013975545763969421,0.002,0.009286229498684406,57.9821662902832,288,True
222,tiny-transformer-normal-7,0.008362188935279846,0.013730140402913094,0.013730139471590519,0.002,0.009210099466145039,57.982154846191406,288,True
223,tiny-transformer-normal-7,0.008273440413177013,0.013728145509958267,0.013728144578635693,0.002,0.009076318703591824,57.98213195800781,288,True
224,tiny-transformer-normal-7,0.008290079422295094,0.01379307359457016,0.013793074525892735,0.002,0.009001877158880234,57.98211669921875,288,True
225,tiny-transformer-normal-7,0.008101534098386765,0.013465707190334797,0.013465707190334797,0.002,0.008928480558097363,57.98209762573242,288,True
226,tiny-transformer-normal-7,0.008105684071779251,0.013457231223583221,0.013457231223583221,0.002,0.008934931829571724,57.9820671081543,288,True
227,tiny-transformer-normal-7,0.008145440369844437,0.013862000778317451,0.013862000778317451,0.002,0.008804806508123875,57.98202896118164,288,True
228,tiny-transformer-normal-7,0.007988736033439636,0.013568342663347721,0.013568342663347721,0.002,0.008725103922188282,57.98198699951172,288,True
229,tiny-transformer-normal-7,0.007963699288666248,0.013239680789411068,0.013239681720733643,0.002,0.008641858585178852,57.9819450378418,288,True
230,tiny-transformer-normal-7,0.007968069054186344,0.013203593902289867,0.013203594833612442,0.002,0.008615951053798199,57.98189163208008,288,True
231,tiny-transformer-normal-7,0.007928566075861454,0.013493291102349758,0.013493291102349758,0.002,0.008549406193196774,57.98184585571289,288,True
232,tiny-transformer-normal-7,0.007629460655152798,0.012857979163527489,0.012857979163527489,0.002,0.008468927815556526,57.98177719116211,288,True
233,tiny-transformer-normal-7,0.007684091106057167,0.012787665240466595,0.012787665240466595,0.002,0.008439534343779087,57.98171615600586,288,True
234,tiny-transformer-normal-7,0.00758297648280859,0.012664876878261566,0.012664876878261566,0.002,0.008374432101845741,57.981651306152344,288,True
235,tiny-transformer-normal-7,0.007633420173078775,0.012906950898468494,0.012906951829791069,0.002,0.00837824959307909,57.981571197509766,288,True
236,tiny-transformer-normal-7,0.0075609032064676285,0.012549391947686672,0.012549391016364098,0.002,0.008332747966051102,57.98148727416992,288,True
237,tiny-transformer-normal-7,0.007683450356125832,0.012895293533802032,0.012895293533802032,0.002,0.00830764602869749,57.98139572143555,288,True
238,tiny-transformer-normal-7,0.0074988966807723045,0.012511629611253738,0.012511629611253738,0.002,0.0082974499091506,57.981319427490234,288,True
239,tiny-transformer-normal-7,0.007450835779309273,0.012493821792304516,0.012493821792304516,0.002,0.008312219753861427,57.98123550415039,288,True
240,tiny-transformer-normal-7,0.007335847243666649,0.012258270755410194,0.012258270755410194,0.002,0.00829123705625534,57.98115539550781,288,True
241,tiny-transformer-normal-7,0.007248241920024157,0.012083029374480247,0.012083030305802822,0.002,0.008206675760447979,57.98106002807617,288,True
242,tiny-transformer-normal-7,0.007343825418502092,0.012286859564483166,0.012286858633160591,0.002,0.00829005241394043,57.98094940185547,288,True
243,tiny-transformer-normal-7,0.007303910795599222,0.012449200265109539,0.012449201196432114,0.002,0.00822276622056961,57.980857849121094,288,True
244,tiny-transformer-normal-7,0.007153378799557686,0.011964230798184872,0.011964230798184872,0.002,0.008112678304314613,57.98076629638672,288,True
245,tiny-transformer-normal-7,0.007135886233299971,0.011922681704163551,0.011922682635486126,0.002,0.008082037791609764,57.98067092895508,288,True
246,tiny-transformer-normal-7,0.006974854506552219,0.011705441400408745,0.011705441400408745,0.002,0.008054433390498161,57.98056411743164,288,True
247,tiny-transformer-normal-7,0.006984879728406668,0.011700574308633804,0.011700575239956379,0.002,0.007990162819623947,57.98046112060547,288,True
248,tiny-transformer-normal-7,0.00705896969884634,0.011968075297772884,0.011968075297772884,0.002,0.007938968017697334,57.980342864990234,288,True
249,tiny-transformer-normal-7,0.006851421669125557,0.0115597452968359,0.0115597452968359,0.002,0.007923237048089504,57.980224609375,288,True
250,tiny-transformer-normal-7,0.006949466187506914,0.011760666035115719,0.011760666966438293,0.002,0.007850321009755135,57.98011016845703,288,True
251,tiny-transformer-normal-7,0.006827646866440773,0.011438013054430485,0.01143801212310791,0.002,0.007756643928587437,57.97999572753906,288,True
252,tiny-transformer-normal-7,0.006917973980307579,0.01169663853943348,0.011696639470756054,0.002,0.007754677440971136,57.97986602783203,288,True
253,tiny-transformer-normal-7,0.006800379138439894,0.011367833241820335,0.01136783231049776,0.002,0.007728533819317818,57.9797248840332,288,True
254,tiny-transformer-normal-7,0.006778741255402565,0.011452579870820045,0.01145258080214262,0.002,0.007775868754833937,57.9796028137207,288,True
255,tiny-transformer-normal-7,0.0065909079276025295,0.011066983453929424,0.01106698252260685,0.002,0.007705681025981903,57.97946548461914,288,True
256,tiny-transformer-normal-7,0.006725591141730547,0.011351477354764938,0.011351476423442364,0.002,0.007738027721643448,57.97932815551758,288,True
257,tiny-transformer-normal-7,0.006651333067566156,0.011234527453780174,0.011234528385102749,0.002,0.0077853137627244,57.97918701171875,288,True
258,tiny-transformer-normal-7,0.006552610080689192,0.011011454276740551,0.011011454276740551,0.002,0.0077901254408061504,57.97905731201172,288,True
259,tiny-transformer-normal-7,0.006460081320255995,0.010854257270693779,0.010854258202016354,0.002,0.0076511697843670845,57.97890853881836,288,True
260,tiny-transformer-normal-7,0.006398265715688467,0.0108718266710639,0.0108718266710639,0.002,0.007609872613102198,57.978763580322266,288,True
261,tiny-transformer-normal-7,0.006461684592068195,0.011055098846554756,0.01105509977787733,0.002,0.007603706791996956,57.978599548339844,288,True
262,tiny-transformer-normal-7,0.006308531854301691,0.010747503489255905,0.010747503489255905,0.002,0.007505882065743208,57.978431701660156,288,True
263,tiny-transformer-normal-7,0.006358719430863857,0.010799990966916084,0.010799990966916084,0.002,0.0074373772367835045,57.978248596191406,288,True
264,tiny-transformer-normal-7,0.006349917501211166,0.010756416246294975,0.010756416246294975,0.002,0.007484526373445988,57.97806930541992,288,True
265,tiny-transformer-normal-7,0.00624182540923357,0.010647118091583252,0.010647117160260677,0.002,0.007384798023849726,57.97789001464844,288,True
266,tiny-transformer-normal-7,0.006226800847798586,0.010544085875153542,0.010544085875153542,0.002,0.007257609162479639,57.97770690917969,288,True
267,tiny-transformer-normal-7,0.006184038240462542,0.010474841110408306,0.01047484204173088,0.002,0.007196139544248581,57.97751998901367,288,True
268,tiny-transformer-normal-7,0.006101640406996012,0.01046551950275898,0.01046551950275898,0.002,0.0071575092151761055,57.977333068847656,288,True
269,tiny-transformer-normal-7,0.006212787702679634,0.010607284493744373,0.010607284493744373,0.002,0.007129183039069176,57.977134704589844,288,True
270,tiny-transformer-normal-7,0.006051812786608934,0.010243458673357964,0.010243458673357964,0.002,0.0071480837650597095,57.9769401550293,288,True
271,tiny-transformer-normal-7,0.0061034890823066235,0.010565247386693954,0.010565247386693954,0.002,0.007090381346642971,57.97673797607422,288,True
272,tiny-transformer-normal-7,0.006013890728354454,0.010218750685453415,0.010218750685453415,0.002,0.007025862578302622,57.976524353027344,288,True
273,tiny-transformer-normal-7,0.006081812083721161,0.010402604937553406,0.01040260586887598,0.002,0.0070146783255040646,57.976318359375,288,True
274,tiny-transformer-normal-7,0.006028970703482628,0.010354343801736832,0.010354343801736832,0.002,0.0070779710076749325,57.976097106933594,288,True
275,tiny-transformer-normal-7,0.0058952514082193375,0.010018114000558853,0.010018113069236279,0.002,0.007045594044029713,57.97587966918945,288,True
276,tiny-transformer-normal-7,0.005849020089954138,0.010098041966557503,0.010098041966557503,0.002,0.007017309777438641,57.97565841674805,288,True
277,tiny-transformer-normal-7,0.005821002647280693,0.00997258722782135,0.009972588159143925,0.002,0.006967938505113125,57.97543716430664,288,True
278,tiny-transformer-normal-7,0.005794307682663202,0.009875033982098103,0.009875033982098103,0.002,0.0069707464426755905,57.97520446777344,288,True
279,tiny-transformer-normal-7,0.005842122249305248,0.009928989224135876,0.00992899015545845,0.002,0.0070090340450406075,57.9749641418457,288,True
280,tiny-transformer-normal-7,0.0057637193240225315,0.009883726015686989,0.009883726947009563,0.002,0.006986318621784449,57.974727630615234,288,True
281,tiny-transformer-normal-7,0.005696645472198725,0.009793966077268124,0.009793965145945549,0.002,0.006878196727484465,57.9744758605957,288,True
282,tiny-transformer-normal-7,0.005630234256386757,0.009581651538610458,0.009581651538610458,0.002,0.006817399989813566,57.97422409057617,288,True
283,tiny-transformer-normal-7,0.005589725915342569,0.00959404930472374,0.009594050236046314,0.002,0.006799222435802221,57.973968505859375,288,True
284,tiny-transformer-normal-7,0.0056366645731031895,0.009624572470784187,0.009624573402106762,0.002,0.006795296911150217,57.973697662353516,288,True
285,tiny-transformer-normal-7,0.0055714077316224575,0.009601430036127567,0.009601430967450142,0.002,0.006775917485356331,57.97343444824219,288,True
286,tiny-transformer-normal-7,0.005547158885747194,0.00947748962789774,0.00947748962789774,0.002,0.0067350612953305244,57.97316360473633,288,True
287,tiny-transformer-normal-7,0.0055616130121052265,0.009607510641217232,0.009607510641217232,0.002,0.00671822065487504,57.97288131713867,288,True
288,tiny-transformer-normal-7,0.0055573005229234695,0.00949849747121334,0.00949849747121334,0.002,0.006698403041809797,57.97259521484375,288,True
289,tiny-transformer-normal-7,0.005476259160786867,0.009463973343372345,0.00946397427469492,0.002,0.0066714296117424965,57.97231674194336,288,True
290,tiny-transformer-normal-7,0.0054574813693761826,0.009567013010382652,0.009567013941705227,0.002,0.006686551962047815,57.9720458984375,288,True
291,tiny-transformer-normal-7,0.005458294879645109,0.00955851562321186,0.00955851562321186,0.002,0.006637199316173792,57.971763610839844,288,True
292,tiny-transformer-normal-7,0.005331445951014757,0.009167619049549103,0.009167618118226528,0.002,0.006569781340658665,57.97146987915039,288,True
293,tiny-transformer-normal-7,0.005346633028239012,0.00910793337970972,0.009107932448387146,0.002,0.0064920466393232346,57.9711799621582,288,True
294,tiny-transformer-normal-7,0.005351772531867027,0.009128758683800697,0.009128758683800697,0.002,0.006432610563933849,57.970890045166016,288,True
295,tiny-transformer-normal-7,0.005224146880209446,0.008952549658715725,0.008952549658715725,0.002,0.0064129955135285854,57.97059631347656,288,True
296,tiny-transformer-normal-7,0.005172232165932655,0.008846261538565159,0.008846261538565159,0.002,0.006344540975987911,57.97030258178711,288,True
297,tiny-transformer-normal-7,0.00523010827600956,0.008927794173359871,0.008927794173359871,0.002,0.0063058920204639435,57.970001220703125,288,True
298,tiny-transformer-normal-7,0.005199139472097158,0.008927751332521439,0.008927751332521439,0.002,0.006305695045739412,57.969703674316406,288,True
299,tiny-transformer-normal-7,0.005157241597771645,0.008938109502196312,0.008938109502196312,0.002,0.006351652089506388,57.96939468383789,288,True
300,tiny-transformer-normal-7,0.005124300252646208,0.0087223956361413,0.008722394704818726,0.002,0.006315833423286676,57.969078063964844,288,True
301,tiny-transformer-normal-7,0.005194655619561672,0.008911902084946632,0.008911901153624058,0.002,0.006285434123128653,57.968772888183594,288,True
302,tiny-transformer-normal-7,0.005163925234228373,0.008978632278740406,0.008978632278740406,0.002,0.006343937013298273,57.96845245361328,288,True
303,tiny-transformer-normal-7,0.005090022925287485,0.008766121231019497,0.008766121231019497,0.002,0.006387782283127308,57.96814727783203,288,True
304,tiny-transformer-normal-7,0.005062432959675789,0.008744809776544571,0.008744809776544571,0.002,0.006397427525371313,57.967830657958984,288,True
305,tiny-transformer-normal-7,0.005049509461969137,0.008701551705598831,0.008701551705598831,0.002,0.006419246084988117,57.96751403808594,288,True
306,tiny-transformer-normal-7,0.0050040981732308865,0.008568787015974522,0.008568787015974522,0.002,0.006401024758815765,57.96718978881836,288,True
307,tiny-transformer-normal-7,0.004952026065438986,0.008457525633275509,0.008457525633275509,0.002,0.006333439145237207,57.966854095458984,288,True
308,tiny-transformer-normal-7,0.004894531797617674,0.008379965089261532,0.008379965089261532,0.002,0.006245953496545553,57.966529846191406,288,True
309,tiny-transformer-normal-7,0.004886597860604525,0.00836008507758379,0.00836008507758379,0.002,0.006231421139091253,57.9661979675293,288,True
310,tiny-transformer-normal-7,0.0049260337837040424,0.00853855349123478,0.00853855349123478,0.002,0.006250177975744009,57.96586227416992,288,True
311,tiny-transformer-normal-7,0.004845750518143177,0.008388095535337925,0.008388095535337925,0.002,0.006262302398681641,57.96552658081055,288,True
312,tiny-transformer-normal-7,0.0048168427310884,0.00830852147191763,0.00830852147191763,0.002,0.006229329388588667,57.965179443359375,288,True
313,tiny-transformer-normal-7,0.004870164208114147,0.008329599164426327,0.008329599164426327,0.002,0.006195474416017532,57.96482849121094,288,True
314,tiny-transformer-normal-7,0.004780930932611227,0.008203363046050072,0.008203363046050072,0.002,0.006107276305556297,57.96449661254883,288,True
315,tiny-transformer-normal-7,0.004807254299521446,0.008241502568125725,0.0082415034994483,0.002,0.0060882046818733215,57.964149475097656,288,True
316,tiny-transformer-normal-7,0.004753005225211382,0.008146543987095356,0.00814654491841793,0.002,0.006039682310074568,57.963809967041016,288,True
317,tiny-transformer-normal-7,0.004714472219347954,0.008066722191870213,0.008066721260547638,0.002,0.006054304074496031,57.96346664428711,288,True
318,tiny-transformer-normal-7,0.004668237175792456,0.008031207136809826,0.008031207136809826,0.002,0.0060201771557331085,57.96311569213867,288,True
319,tiny-transformer-normal-7,0.004640787839889526,0.00811784528195858,0.008117846213281155,0.002,0.005949223414063454,57.962764739990234,288,True
