step,loss,grad_norm,learning_rate,update_norm,param_norm,run_id
0,2.2045707561963166,1.4883756546966045,0.001,0.0014739793989753057,10.0,synthetic-grad_ramp-42
1,2.1809765602756115,1.4103635015682277,0.001,0.001401755512003411,10.0,synthetic-grad_ramp-42
2,2.2044191796521546,1.3250066081949752,0.001,0.001305606623411824,10.0,synthetic-grad_ramp-42
3,2.203866712414711,1.3671925092408606,0.001,0.0013435828733215174,10.0,synthetic-grad_ramp-42
4,2.1570982561116034,1.4684344130194933,0.001,0.0014993578649833814,10.0,synthetic-grad_ramp-42
5,2.1634463182199504,1.3464195248049593,0.001,0.0013567960445620903,10.0,synthetic-grad_ramp-42
6,2.1815215007299558,1.310377113826887,0.001,0.0013362503070980846,10.0,synthetic-grad_ramp-42
7,2.1714947690829525,1.4067079841846957,0.001,0.001406336886344669,10.0,synthetic-grad_ramp-42
8,2.1726305058439213,1.3810007114072307,0.001,0.0014024271076353472,10.0,synthetic-grad_ramp-42
9,2.156740554088984,1.4387613144319007,0.001,0.0014207957227169372,10.0,synthetic-grad_ramp-42
10,2.17939041966252,1.4069090614851205,0.001,0.0015042389637342194,10.0,synthetic-grad_ramp-42
11,2.1745390861099874,1.4514107689891331,0.001,0.00138472022422861,10.0,synthetic-grad_ramp-42
12,2.160544917421748,1.3331565370618,0.001,0.0013845533354761162,10.0,synthetic-grad_ramp-42
13,2.173154790699736,1.3684849632589886,0.001,0.001425812013135232,10.0,synthetic-grad_ramp-42
14,2.1599599671165683,1.365568903002869,0.001,0.0013311009162172876,10.0,synthetic-grad_ramp-42
15,2.1367685062484285,1.290687433519368,0.001,0.0013799581587369525,10.0,synthetic-grad_ramp-42
16,2.151909106130581,1.2410478397604912,0.001,0.0012786703683846004,10.0,synthetic-grad_ramp-42
17,2.1287239147274266,1.3848259507362795,0.001,0.0014257651751282306,10.0,synthetic-grad_ramp-42
18,2.153022549123305,1.3587435308918,0.001,0.0013598862601113654,10.0,synthetic-grad_ramp-42
19,2.1358448516726964,1.3003338399610964,0.001,0.0012918873959484383,10.0,synthetic-grad_ramp-42
20,2.1305780289406653,1.3469151981194356,0.001,0.0013384800438454678,10.0,synthetic-grad_ramp-42
21,2.1199034971350392,1.4580588835149197,0.001,0.0014752418421909643,10.0,synthetic-grad_ramp-42
22,2.1452312617432314,1.242363647845531,0.001,0.001295700299825767,10.0,synthetic-grad_ramp-42
23,2.1213600999280566,1.2259919366572125,0.001,0.0012326787995928308,10.0,synthetic-grad_ramp-42
24,2.1140471982108267,1.2589838321004092,0.001,0.0012250254317915338,10.0,synthetic-grad_ramp-42
25,2.1119933323875038,1.4482621885970077,0.001,0.0014845284190877987,10.0,synthetic-grad_ramp-42
26,2.122072314150871,1.4250470457056152,0.001,0.0014649767178610733,10.0,synthetic-grad_ramp-42
27,2.1163907726552385,1.4547759621745102,0.001,0.0014836298653182073,10.0,synthetic-grad_ramp-42
28,2.1139306048379027,1.3189162279243232,0.001,0.0013487460744891471,10.0,synthetic-grad_ramp-42
29,2.111041477461791,1.2754180160788218,0.001,0.001265093631859781,10.0,synthetic-grad_ramp-42
30,2.1335524401613277,1.373530975532051,0.001,0.001335779616165071,10.0,synthetic-grad_ramp-42
31,2.092189055886961,1.3792552936936944,0.001,0.0013437952790181695,10.0,synthetic-grad_ramp-42
32,2.087468160781346,1.4185287177611765,0.001,0.0013506099736920484,10.0,synthetic-grad_ramp-42
33,2.07982067139918,1.3751878089000447,0.001,0.001384998100874374,10.0,synthetic-grad_ramp-42
34,2.0981513287813387,1.3951417421064014,0.001,0.001391653423942643,10.0,synthetic-grad_ramp-42
35,2.102739486033965,1.3924761157706629,0.001,0.0013742167184425608,10.0,synthetic-grad_ramp-42
36,2.0809978176982864,1.4392789020057883,0.001,0.0013171544117304345,10.0,synthetic-grad_ramp-42
37,2.067015648759374,1.457859003384542,0.001,0.0014043146628359808,10.0,synthetic-grad_ramp-42
38,2.06417055724327,1.2809836694133876,0.001,0.0013247893876200288,10.0,synthetic-grad_ramp-42
39,2.0832252349302878,1.1823466751989407,0.001,0.0011590055945670918,10.0,synthetic-grad_ramp-42
40,2.0815524863117645,1.3741040240853357,0.001,0.0013890494304351962,10.0,synthetic-grad_ramp-42
41,2.075497056394205,1.4627028583179746,0.001,0.0014029335457116533,10.0,synthetic-grad_ramp-42
42,2.0543218784512582,1.3235886939635257,0.001,0.001381967100874165,10.0,synthetic-grad_ramp-42
43,2.0647504138036585,1.220013983241134,0.001,0.0012147538826472798,10.0,synthetic-grad_ramp-42
44,2.059990414409927,1.3201325157042583,0.001,0.0013316693880486576,10.0,synthetic-grad_ramp-42
45,2.0585012282397024,1.4201148401335835,0.001,0.0015227396829447448,10.0,synthetic-grad_ramp-42
46,2.0652817170279585,1.52747159429835,0.001,0.001598566066069997,10.0,synthetic-grad_ramp-42
47,2.052562194137885,1.4598039256774866,0.001,0.001446439704117859,10.0,synthetic-grad_ramp-42
48,2.0563985048710935,1.367871363948579,0.001,0.0013437432330771757,10.0,synthetic-grad_ramp-42
49,2.0442435685209004,1.2988325620448569,0.001,0.0012862094494081324,10.0,synthetic-grad_ramp-42
50,2.0445902706805676,1.3401022248204901,0.001,0.0013607592903546154,10.0,synthetic-grad_ramp-42
51,2.046754892180364,1.3314380420924818,0.001,0.001327241686486821,10.0,synthetic-grad_ramp-42
52,2.012468788230576,1.276696353199679,0.001,0.0012616475460535065,10.0,synthetic-grad_ramp-42
53,2.0265800575029957,1.488468572805864,0.001,0.0015554474064551924,10.0,synthetic-grad_ramp-42
54,2.021376955548417,1.5474714338058553,0.001,0.00154217841036896,10.0,synthetic-grad_ramp-42
55,2.01591519262704,1.513135250635539,0.001,0.0016212079117779276,10.0,synthetic-grad_ramp-42
56,2.018445412991053,1.340253128569363,0.001,0.0013439066393960636,10.0,synthetic-grad_ramp-42
57,2.042079200373405,1.415843621610471,0.001,0.0014937430803479645,10.0,synthetic-grad_ramp-42
58,2.0037584716355332,1.4258113190726227,0.001,0.00144117763449543,10.0,synthetic-grad_ramp-42
59,2.0283692713283368,1.4134253036711153,0.001,0.0014548530064255223,10.0,synthetic-grad_ramp-42
60,1.9857094833658886,1.4725763622709522,0.001,0.0014409104382406537,10.0,synthetic-grad_ramp-42
61,2.003044941100328,1.4437393486222474,0.001,0.0014072307146764153,10.0,synthetic-grad_ramp-42
62,2.007633428270575,1.4415667507366607,0.001,0.0014615853782784178,10.0,synthetic-grad_ramp-42
63,2.0111175886639154,1.4321740634254023,0.001,0.0014752835536766388,10.0,synthetic-grad_ramp-42
64,2.010132956034318,1.4053423940230043,0.001,0.001407040644367758,10.0,synthetic-grad_ramp-42
65,2.0085132284092184,1.2417001198458184,0.001,0.0011946935451305556,10.0,synthetic-grad_ramp-42
66,1.9885387419633107,1.3172049948226938,0.001,0.0012645348063429556,10.0,synthetic-grad_ramp-42
67,1.9839990517334505,1.2977683575919934,0.001,0.0012433782237978954,10.0,synthetic-grad_ramp-42
68,2.000976766683986,1.240241317907459,0.001,0.0011761863625886775,10.0,synthetic-grad_ramp-42
69,1.9824184296197427,1.4361877052579874,0.001,0.0014409127066014452,10.0,synthetic-grad_ramp-42
70,1.9633416088435092,1.5152671679505572,0.001,0.0015672822831361505,10.0,synthetic-grad_ramp-42
71,1.9626745249092152,1.5123717469318771,0.001,0.00151176317969298,10.0,synthetic-grad_ramp-42
72,1.963086975597786,1.4218443616066985,0.001,0.0013286221560178185,10.0,synthetic-grad_ramp-42
73,1.9815490723430735,1.4773724253318579,0.001,0.0014689418443451184,10.0,synthetic-grad_ramp-42
74,1.9734489002918538,1.3905770891047908,0.001,0.0013838021103226637,10.0,synthetic-grad_ramp-42
75,1.9788985767174836,1.37531890433281,0.001,0.0014645757310652644,10.0,synthetic-grad_ramp-42
76,1.9593691953320318,1.27531959772058,0.001,0.0012207710590113445,10.0,synthetic-grad_ramp-42
77,1.965400652921125,1.347726688178732,0.001,0.0013320230946293932,10.0,synthetic-grad_ramp-42
78,1.9696588474063597,1.3483779520397905,0.001,0.0014191781457452057,10.0,synthetic-grad_ramp-42
79,1.9528950663277764,1.2507875657316523,0.001,0.0012677868667657988,10.0,synthetic-grad_ramp-42
80,1.9616549825333924,1.3047061553298878,0.001,0.0013269422554531521,10.0,synthetic-grad_ramp-42
81,1.942150348718879,1.321609295665341,0.001,0.0013261601888202204,10.0,synthetic-grad_ramp-42
82,1.943917086081948,1.4714922015116891,0.001,0.001486129806068027,10.0,synthetic-grad_ramp-42
83,1.94092823122244,1.4533384269108645,0.001,0.0014876408742778215,10.0,synthetic-grad_ramp-42
84,1.9260158385960284,1.3780063142743586,0.001,0.0013449450607804898,10.0,synthetic-grad_ramp-42
85,1.9485648598866514,1.3698957370021005,0.001,0.0014064606761956826,10.0,synthetic-grad_ramp-42
86,1.9315337607293854,1.3513301656042853,0.001,0.001296799524414644,10.0,synthetic-grad_ramp-42
87,1.9360843926111804,1.326302009435865,0.001,0.0013394320284868069,10.0,synthetic-grad_ramp-42
88,1.9404380056922435,1.2550202378143944,0.001,0.0012617680190070554,10.0,synthetic-grad_ramp-42
89,1.9372622166106828,1.2952662606026228,0.001,0.0012715383771631707,10.0,synthetic-grad_ramp-42
90,1.9378900652144204,1.2670746095919112,0.001,0.0012662125848629054,10.0,synthetic-grad_ramp-42
91,1.923784620696638,1.2225659080840838,0.001,0.0011999449117640522,10.0,synthetic-grad_ramp-42
92,1.9162725958315978,1.329756987303294,0.001,0.0012876838885557968,10.0,synthetic-grad_ramp-42
93,1.9187939965105067,1.3600072150715734,0.001,0.0013456559141365378,10.0,synthetic-grad_ramp-42
94,1.8920549624522531,1.2156157822155178,0.001,0.0011760144137382559,10.0,synthetic-grad_ramp-42
95,1.893040989861598,1.2803905851448067,0.001,0.0012928500209081829,10.0,synthetic-grad_ramp-42
96,1.892297348082004,1.3861412719804154,0.001,0.0013391314853767392,10.0,synthetic-grad_ramp-42
97,1.894576751200941,1.4297090135403256,0.001,0.00146057507801913,10.0,synthetic-grad_ramp-42
98,1.912937103147722,1.4421636034442815,0.001,0.0013919423089235685,10.0,synthetic-grad_ramp-42
99,1.8907707436492482,1.3696815354164456,0.001,0.001346608769520141,10.0,synthetic-grad_ramp-42
100,1.8961003133797523,1.2809367744711706,0.001,0.0012571579311762662,10.0,synthetic-grad_ramp-42
101,1.918688359783054,1.234542193107352,0.001,0.0012846092793936206,10.0,synthetic-grad_ramp-42
102,1.89129049978889,1.3178810435235109,0.001,0.0013310044397833037,10.0,synthetic-grad_ramp-42
103,1.90513903639032,1.3505025793363974,0.001,0.0013419513554417093,10.0,synthetic-grad_ramp-42
104,1.8775211797586968,1.4314084942966023,0.001,0.0014529856432779571,10.0,synthetic-grad_ramp-42
105,1.885900301450047,1.4454201628512926,0.001,0.0013568750235661295,10.0,synthetic-grad_ramp-42
106,1.8721952108533708,1.3548898867498447,0.001,0.0013531377826808881,10.0,synthetic-grad_ramp-42
107,1.878830958692548,1.2455860802986678,0.001,0.0013225101924960276,10.0,synthetic-grad_ramp-42
108,1.893999205696382,1.2721773460835029,0.001,0.0012772384335118661,10.0,synthetic-grad_ramp-42
109,1.8529701011528208,1.3195692971851114,0.001,0.0013222605217853617,10.0,synthetic-grad_ramp-42
110,1.8828887605548166,1.3056860942663342,0.001,0.0013273341028796927,10.0,synthetic-grad_ramp-42
111,1.8774380924028586,1.27384741311088,0.001,0.0013085372854008534,10.0,synthetic-grad_ramp-42
112,1.862466595152977,1.321515639192834,0.001,0.0012446511484824653,10.0,synthetic-grad_ramp-42
113,1.8472018760946858,1.2836359353044668,0.001,0.00122045877254287,10.0,synthetic-grad_ramp-42
114,1.86749567895512,1.261596218690993,0.001,0.0012695804583806544,10.0,synthetic-grad_ramp-42
115,1.8559994109023605,1.3200586901295854,0.001,0.0012920497372879175,10.0,synthetic-grad_ramp-42
116,1.8649670624984764,1.289143610499597,0.001,0.0013408971273247904,10.0,synthetic-grad_ramp-42
117,1.8593468517702771,1.3243298942818558,0.001,0.0013118670606280735,10.0,synthetic-grad_ramp-42
118,1.8805949156218478,1.3385942001176347,0.001,0.0012631189719153506,10.0,synthetic-grad_ramp-42
119,1.8505340529030363,1.2427954301855588,0.001,0.0011964068867611492,10.0,synthetic-grad_ramp-42
120,1.8363350524376225,1.255159392558,0.001,0.0011557763584117613,10.0,synthetic-grad_ramp-42
121,1.8519467294189853,1.3992868068969262,0.001,0.0013894929786754612,10.0,synthetic-grad_ramp-42
122,1.8501345579416835,1.259488186503009,0.001,0.0012523902350316894,10.0,synthetic-grad_ramp-42
123,1.8648063470384557,1.151486908735123,0.001,0.001136916973916354,10.0,synthetic-grad_ramp-42
124,1.8545360210435167,1.1313157860738718,0.001,0.0011685313909480764,10.0,synthetic-grad_ramp-42
125,1.8449601107373992,1.2471858413876131,0.001,0.0012928450841980428,10.0,synthetic-grad_ramp-42
126,1.8591611346535306,1.2902147870308653,0.001,0.0012836364844530422,10.0,synthetic-grad_ramp-42
127,1.8169915262904615,1.2946022313815415,0.001,0.0012142938090684704,10.0,synthetic-grad_ramp-42
128,1.8228448948201663,1.394217530282751,0.001,0.001420276818368748,10.0,synthetic-grad_ramp-42
129,1.8161675198391651,1.1550984484386697,0.001,0.0011745045321965644,10.0,synthetic-grad_ramp-42
130,1.8218507791166336,1.2799355137182038,0.001,0.001291870856195598,10.0,synthetic-grad_ramp-42
131,1.8046861578767086,1.4141447441435409,0.001,0.0014564024502774747,10.0,synthetic-grad_ramp-42
132,1.8325089756633448,1.2626500581254156,0.001,0.0012192889855611683,10.0,synthetic-grad_ramp-42
133,1.8173003505983454,1.2641336607146307,0.001,0.0013426559384910187,10.0,synthetic-grad_ramp-42
134,1.796230275286082,1.2385901966174435,0.001,0.0012034482310751364,10.0,synthetic-grad_ramp-42
135,1.8007240420765596,1.219870983361419,0.001,0.001247600104641847,10.0,synthetic-grad_ramp-42
136,1.8183324554814222,1.251516561932307,0.001,0.0011897409979288013,10.0,synthetic-grad_ramp-42
137,1.823880307643092,1.3902350765558278,0.001,0.0013519728716200707,10.0,synthetic-grad_ramp-42
138,1.838944656785354,1.4747752693879113,0.001,0.0015434137406538661,10.0,synthetic-grad_ramp-42
139,1.850393518720031,1.3355349722011747,0.001,0.0013251225492121024,10.0,synthetic-grad_ramp-42
140,1.810600196741907,1.4587419162052842,0.001,0.0014959658341658355,10.0,synthetic-grad_ramp-42
141,1.7872460233600531,1.3570813267345239,0.001,0.0013667627288704073,10.0,synthetic-grad_ramp-42
142,1.7678199885378623,1.4538983405008352,0.001,0.0014493275856823046,10.0,synthetic-grad_ramp-42
143,1.8015344712618973,1.345119570596241,0.001,0.0014012972558760293,10.0,synthetic-grad_ramp-42
144,1.7830493098369669,1.3248571787467016,0.001,0.001315484316394097,10.0,synthetic-grad_ramp-42
145,1.7867441860912965,1.334538776303307,0.001,0.001265115728551806,10.0,synthetic-grad_ramp-42
146,1.7815306850014598,1.5613814817092087,0.001,0.0015242062638190163,10.0,synthetic-grad_ramp-42
147,1.7863443204818221,1.4509246736142039,0.001,0.001475116265844009,10.0,synthetic-grad_ramp-42
148,1.8021963704119828,1.2975829427092354,0.001,0.0013130708210619248,10.0,synthetic-grad_ramp-42
149,1.7863192966519224,1.367939855959767,0.001,0.0013051188452498925,10.0,synthetic-grad_ramp-42
150,1.7793473464816862,1.2947193323222776,0.001,0.0012668882085809948,10.0,synthetic-grad_ramp-42
151,1.763961745090074,1.260751042467507,0.001,0.0012389397435852525,10.0,synthetic-grad_ramp-42
152,1.7521523527985732,1.3485305184319303,0.001,0.00133382587022745,10.0,synthetic-grad_ramp-42
153,1.7677603690064565,1.3152333619490626,0.001,0.001262049142815847,10.0,synthetic-grad_ramp-42
154,1.772036967037495,1.3212526661355384,0.001,0.0012965788514422952,10.0,synthetic-grad_ramp-42
155,1.7971576805931793,1.3038625906200263,0.001,0.0012756715784105227,10.0,synthetic-grad_ramp-42
156,1.7703941672339887,1.3206741718666724,0.001,0.0013515990057828642,10.0,synthetic-grad_ramp-42
157,1.7809887325839184,1.3326819076338114,0.001,0.0013654267581643057,10.0,synthetic-grad_ramp-42
158,1.7565720515341923,1.1737003440832,0.001,0.0011685774233383744,10.0,synthetic-grad_ramp-42
159,1.7441074118505904,1.2951181179951428,0.001,0.0012799752066291943,10.0,synthetic-grad_ramp-42
160,1.7452311191935321,1.2239592699546433,0.001,0.0012291079184752153,10.0,synthetic-grad_ramp-42
161,1.7466619836402748,1.1696499766568176,0.001,0.0011413448790799873,10.0,synthetic-grad_ramp-42
162,1.787306108583397,1.2418987524721368,0.001,0.0011998979337577327,10.0,synthetic-grad_ramp-42
163,1.7409031167609517,1.2778253981102692,0.001,0.0012422858240956744,10.0,synthetic-grad_ramp-42
164,1.7636522581286624,1.236257343996454,0.001,0.0012129363429442433,10.0,synthetic-grad_ramp-42
165,1.7353881467526195,1.3285297692660418,0.001,0.0012829584244409863,10.0,synthetic-grad_ramp-42
166,1.760768897703562,1.2085860863913842,0.001,0.0012144762810719866,10.0,synthetic-grad_ramp-42
167,1.7504389113808907,1.2305753741961711,0.001,0.0012578115101718082,10.0,synthetic-grad_ramp-42
168,1.7401905017024977,1.2259516959840409,0.001,0.0011689483378145866,10.0,synthetic-grad_ramp-42
169,1.7398101171091205,1.2607630638647322,0.001,0.0012617138627332672,10.0,synthetic-grad_ramp-42
170,1.7284872686651978,1.2958006896448362,0.001,0.001287279045124787,10.0,synthetic-grad_ramp-42
171,1.7428937232313877,1.2185523998121337,0.001,0.0012311009585250544,10.0,synthetic-grad_ramp-42
172,1.7272774539381224,1.3114498125613425,0.001,0.0013109408549968648,10.0,synthetic-grad_ramp-42
173,1.7136236782959497,1.2971771475009235,0.001,0.0012418255318690907,10.0,synthetic-grad_ramp-42
174,1.7107502353245436,1.1601531750064324,0.001,0.00111703780524487,10.0,synthetic-grad_ramp-42
175,1.7304256104209919,1.111296401369777,0.001,0.0011122777838526703,10.0,synthetic-grad_ramp-42
176,1.7494465947460105,1.218021913054111,0.001,0.0012562003727062017,10.0,synthetic-grad_ramp-42
177,1.7260894589254523,1.2430435900569379,0.001,0.001163156301041664,10.0,synthetic-grad_ramp-42
178,1.7198452763262975,1.2596836536995994,0.001,0.0012728168269098854,10.0,synthetic-grad_ramp-42
179,1.7238534006271982,1.2704610141083588,0.001,0.0013166208576669504,10.0,synthetic-grad_ramp-42
180,1.7371030659862055,1.2917821418748614,0.001,0.0012858654505454445,10.0,synthetic-grad_ramp-42
181,1.7187566659617939,1.3515871351077988,0.001,0.0013740816710972026,10.0,synthetic-grad_ramp-42
182,1.707260749101727,1.2258141080117002,0.001,0.0012002299084337747,10.0,synthetic-grad_ramp-42
183,1.7279835412167464,1.1803242831407417,0.001,0.0011761051173284586,10.0,synthetic-grad_ramp-42
184,1.7157909174071988,1.169524666234431,0.001,0.0011140143161398025,10.0,synthetic-grad_ramp-42
185,1.7303720616689549,1.2574955469766376,0.001,0.0011720938708874235,10.0,synthetic-grad_ramp-42
186,1.7080661634791694,1.3590778828091086,0.001,0.001398065389711195,10.0,synthetic-grad_ramp-42
187,1.684938294275853,1.273182493267597,0.001,0.0012361105766179117,10.0,synthetic-grad_ramp-42
188,1.6807763658656985,1.1101769136368294,0.001,0.0010951086136846957,10.0,synthetic-grad_ramp-42
189,1.7240618218322563,1.1053516515076673,0.001,0.001060319474129982,10.0,synthetic-grad_ramp-42
190,1.7231577462131336,1.1574998144438593,0.001,0.001109559684037318,10.0,synthetic-grad_ramp-42
191,1.6926205220260457,1.1939415909322046,0.001,0.0011877312371056945,10.0,synthetic-grad_ramp-42
192,1.6875817262630288,1.216581269808302,0.001,0.0011902428613157542,10.0,synthetic-grad_ramp-42
193,1.7132730861552836,1.2547354256739665,0.001,0.0012690440038080045,10.0,synthetic-grad_ramp-42
194,1.6727732659214951,1.2438199892601907,0.001,0.0012608214251169836,10.0,synthetic-grad_ramp-42
195,1.67399120283541,1.3360424853621269,0.001,0.0013489646393877596,10.0,synthetic-grad_ramp-42
196,1.6951007785389136,1.2455463446300534,0.001,0.0012544939804093028,10.0,synthetic-grad_ramp-42
197,1.6775761637956812,1.202621085062494,0.001,0.0012609135002991038,10.0,synthetic-grad_ramp-42
198,1.6814683562145514,1.2785396631205692,0.001,0.0012382396394552198,10.0,synthetic-grad_ramp-42
199,1.677149047952204,1.1689081176725407,0.001,0.0011669832898791265,10.0,synthetic-grad_ramp-42
200,1.682725364641295,1.2589922855103028,0.001,0.0013025088929008103,10.0,synthetic-grad_ramp-42
201,1.696840561244643,1.2715404695955284,0.001,0.0013207045284462453,10.0,synthetic-grad_ramp-42
202,1.6751592099975023,1.2581929370228428,0.001,0.001205655744339534,10.0,synthetic-grad_ramp-42
203,1.6815371217776351,1.3787455567391105,0.001,0.0013658861411444017,10.0,synthetic-grad_ramp-42
204,1.639208546569947,1.2602983736471827,0.001,0.0013127079358997435,10.0,synthetic-grad_ramp-42
205,1.6673189093375447,1.415063869259456,0.001,0.001436798020022792,10.0,synthetic-grad_ramp-42
206,1.6534952420637168,1.299171092039112,0.001,0.0013068038286573823,10.0,synthetic-grad_ramp-42
207,1.645960948874791,1.1897111626127654,0.001,0.0011819670195652105,10.0,synthetic-grad_ramp-42
208,1.6491757303369574,1.2419901857888382,0.001,0.0012277718883137157,10.0,synthetic-grad_ramp-42
209,1.6554464422163762,1.1834769020244602,0.001,0.0011937542881895677,10.0,synthetic-grad_ramp-42
210,1.672312501448172,1.1842889476361562,0.001,0.0011753562892778996,10.0,synthetic-grad_ramp-42
211,1.636799118150325,1.2614929650373246,0.001,0.0012598826148263985,10.0,synthetic-grad_ramp-42
212,1.6552808876881513,1.300631724339811,0.001,0.0013037021820471737,10.0,synthetic-grad_ramp-42
213,1.645690625666626,1.2318271492192863,0.001,0.0012070222890777642,10.0,synthetic-grad_ramp-42
214,1.6461751528521562,1.3201339300121189,0.001,0.0013413775050644537,10.0,synthetic-grad_ramp-42
215,1.6642740137741698,1.36486095219113,0.001,0.0014895586922268847,10.0,synthetic-grad_ramp-42
216,1.655452074938618,1.4018321023356224,0.001,0.0013290580077392879,10.0,synthetic-grad_ramp-42
217,1.6655942967252504,1.34579945562935,0.001,0.001358944917901001,10.0,synthetic-grad_ramp-42
218,1.6413739913182928,1.3886260585068042,0.001,0.0013573158482107813,10.0,synthetic-grad_ramp-42
219,1.6314159433541018,1.1741916091892814,0.001,0.0011947082292725919,10.0,synthetic-grad_ramp-42
220,1.6366659459349668,1.2063092349094728,0.001,0.0012079952934156129,10.0,synthetic-grad_ramp-42
221,1.6418352504041205,1.1812156725290766,0.001,0.0012085240024630097,10.0,synthetic-grad_ramp-42
222,1.6390255790402273,1.2375875334121442,0.001,0.0012820099814682719,10.0,synthetic-grad_ramp-42
223,1.6182955326259358,1.2107363619138434,0.001,0.0012177457109734764,10.0,synthetic-grad_ramp-42
224,1.6341082555760762,1.2282345954327103,0.001,0.0012706637716261844,10.0,synthetic-grad_ramp-42
225,1.6343690542630191,1.3812572977080264,0.001,0.0012874522079974824,10.0,synthetic-grad_ramp-42
226,1.6669076109132916,1.2852740006378582,0.001,0.0013480855766310376,10.0,synthetic-grad_ramp-42
227,1.655503176443984,1.2938133954354816,0.001,0.0013084534178399113,10.0,synthetic-grad_ramp-42
228,1.6127619851729675,1.2512153978819567,0.001,0.0012923350493931384,10.0,synthetic-grad_ramp-42
229,1.6194651197856094,1.2574356496509227,0.001,0.001212250047391665,10.0,synthetic-grad_ramp-42
230,1.600044567010173,1.2544719564826894,0.001,0.0012235930285508768,10.0,synthetic-grad_ramp-42
231,1.6113609961805868,1.2839664623715887,0.001,0.001289600182262362,10.0,synthetic-grad_ramp-42
232,1.62318614383313,1.3461662193040453,0.001,0.0013454783201920263,10.0,synthetic-grad_ramp-42
233,1.6347753890735852,1.4050487127221811,0.001,0.0014170312736670027,10.0,synthetic-grad_ramp-42
234,1.6039918773628847,1.3247422965949354,0.001,0.0013685522129869797,10.0,synthetic-grad_ramp-42
235,1.6033615083217234,1.3175250677695352,0.001,0.0012495686585007257,10.0,synthetic-grad_ramp-42
236,1.579214944973399,1.1946590258734235,0.001,0.001230075294833296,10.0,synthetic-grad_ramp-42
237,1.6072398583300547,1.223606943792299,0.001,0.0012239109956386565,10.0,synthetic-grad_ramp-42
238,1.5920041746608138,1.305352579075302,0.001,0.001297396707449347,10.0,synthetic-grad_ramp-42
239,1.5982643059107726,1.3294452763902778,0.001,0.0012720481433877353,10.0,synthetic-grad_ramp-42
240,1.591323440754242,1.2903520983594912,0.001,0.0013099730777251682,10.0,synthetic-grad_ramp-42
241,1.6013378037226529,1.3248833726618405,0.001,0.0012323232382408134,10.0,synthetic-grad_ramp-42
242,1.5746661262015085,1.308067830006677,0.001,0.00133376121181243,10.0,synthetic-grad_ramp-42
243,1.5773115898138457,1.353709291701889,0.001,0.0012944491955513154,10.0,synthetic-grad_ramp-42
244,1.629546083987181,1.3027718216515545,0.001,0.0013048628017609425,10.0,synthetic-grad_ramp-42
245,1.576591025830581,1.2402787532743067,0.001,0.0012358525925852096,10.0,synthetic-grad_ramp-42
246,1.577750432628214,1.266060472923773,0.001,0.0013112701320302294,10.0,synthetic-grad_ramp-42
247,1.6200606216188322,1.0652419728761113,0.001,0.0010595479160557897,10.0,synthetic-grad_ramp-42
248,1.6343924654160613,1.2029067580016666,0.001,0.0011781162555227567,10.0,synthetic-grad_ramp-42
249,1.5715573206232916,1.0053180180711832,0.001,0.000990154632573756,10.0,synthetic-grad_ramp-42
250,1.5819262571165233,1.0492959283270733,0.001,0.0010901397269264168,10.0,synthetic-grad_ramp-42
251,1.59089729165852,1.2002011601015208,0.001,0.0012196672617049101,10.0,synthetic-grad_ramp-42
252,1.6100331718180498,1.259459241189392,0.001,0.0012449726424470225,10.0,synthetic-grad_ramp-42
253,1.567633367921704,1.1701124188558354,0.001,0.0011618417204187022,10.0,synthetic-grad_ramp-42
254,1.5770953279398132,1.1686645762149106,0.001,0.001114991070502868,10.0,synthetic-grad_ramp-42
255,1.5907775718202044,1.309600290922293,0.001,0.0013249519508168922,10.0,synthetic-grad_ramp-42
256,1.5839867393396894,1.2303765856872182,0.001,0.001167104410576163,10.0,synthetic-grad_ramp-42
257,1.5701753612028837,1.398235413521223,0.001,0.0014301293814061448,10.0,synthetic-grad_ramp-42
258,1.572167512408109,1.292083486451543,0.001,0.0012970788129259897,10.0,synthetic-grad_ramp-42
259,1.5519132614996913,1.2852062455199604,0.001,0.001380613218643111,10.0,synthetic-grad_ramp-42
260,1.5673306079871607,1.3706535699967832,0.001,0.0013261547878426715,10.0,synthetic-grad_ramp-42
261,1.5652785777557574,1.29155344296294,0.001,0.0012875817549150518,10.0,synthetic-grad_ramp-42
262,1.5711327615504365,1.1882203436654557,0.001,0.0012540838540528866,10.0,synthetic-grad_ramp-42
263,1.5577007619063519,1.211810948707602,0.001,0.0012559064487274816,10.0,synthetic-grad_ramp-42
264,1.5714888256710842,1.2248579844988503,0.001,0.0011995404735038848,10.0,synthetic-grad_ramp-42
265,1.5779961702231013,1.142504898458576,0.001,0.0011502072621807754,10.0,synthetic-grad_ramp-42
266,1.563531152326918,1.1848369952433284,0.001,0.0011849080647181234,10.0,synthetic-grad_ramp-42
267,1.5648749192192248,1.1680576088152634,0.001,0.0011779797345667059,10.0,synthetic-grad_ramp-42
268,1.5587993321429754,1.2734934450415036,0.001,0.0012470782996518344,10.0,synthetic-grad_ramp-42
269,1.556411251783231,1.2496072442161619,0.001,0.001246263263834047,10.0,synthetic-grad_ramp-42
270,1.543999141466693,1.219570866177594,0.001,0.0011624821186724133,10.0,synthetic-grad_ramp-42
271,1.5579869811443552,1.2207334766595799,0.001,0.0012256920117204022,10.0,synthetic-grad_ramp-42
272,1.5502018397369106,1.2431545805299495,0.001,0.0012600517428116571,10.0,synthetic-grad_ramp-42
273,1.581484738200227,1.2781718255457666,0.001,0.0012694810733685268,10.0,synthetic-grad_ramp-42
274,1.5721181024674729,1.1805733644851908,0.001,0.001124736398609586,10.0,synthetic-grad_ramp-42
275,1.552740520281968,1.1452839883356312,0.001,0.001179757120121371,10.0,synthetic-grad_ramp-42
276,1.5339464718355087,1.2748548164456592,0.001,0.0012888728204577644,10.0,synthetic-grad_ramp-42
277,1.527150118073803,1.2173378086224964,0.001,0.001191110300114604,10.0,synthetic-grad_ramp-42
278,1.5601518341054508,1.1331687617693351,0.001,0.0011236697693590143,10.0,synthetic-grad_ramp-42
279,1.5446787546586944,1.2238906270196097,0.001,0.0011700128609380346,10.0,synthetic-grad_ramp-42
280,1.54639690799154,1.2583792824216924,0.001,0.0012202579921506101,10.0,synthetic-grad_ramp-42
281,1.5114876093880787,1.1384127637143047,0.001,0.0011201926050499504,10.0,synthetic-grad_ramp-42
282,1.5500340077029053,1.2106270634256127,0.001,0.0012560741261955033,10.0,synthetic-grad_ramp-42
283,1.5414091433522035,1.271579288793584,0.001,0.0012474164353124394,10.0,synthetic-grad_ramp-42
284,1.5164111498383643,1.267879815921048,0.001,0.0012924665912528567,10.0,synthetic-grad_ramp-42
285,1.5244738613937134,1.2843518967547471,0.001,0.0012637768589841983,10.0,synthetic-grad_ramp-42
286,1.5339859541316514,1.1531979261039846,0.001,0.0011618078870758248,10.0,synthetic-grad_ramp-42
287,1.529304987382543,1.221453448903054,0.001,0.0012162831817308746,10.0,synthetic-grad_ramp-42
288,1.5226275213965101,1.2033116738855252,0.001,0.001235244815953986,10.0,synthetic-grad_ramp-42
289,1.5239541710650417,1.1849403774978484,0.001,0.001166080492806005,10.0,synthetic-grad_ramp-42
290,1.5202275301672534,1.2693486049315879,0.001,0.001210856562292362,10.0,synthetic-grad_ramp-42
291,1.5248006018888505,1.344241508040102,0.001,0.0012896507541469752,10.0,synthetic-grad_ramp-42
292,1.543093782577491,1.395129459748653,0.001,0.0013730449830322222,10.0,synthetic-grad_ramp-42
293,1.4810350183827408,1.3762737311966768,0.001,0.0013256565592984076,10.0,synthetic-grad_ramp-42
294,1.5144998741472504,1.2662134172659651,0.001,0.0012818921723432412,10.0,synthetic-grad_ramp-42
295,1.5192222765575902,1.2611927312211864,0.001,0.0012436925784485016,10.0,synthetic-grad_ramp-42
296,1.519540679142717,1.288150475005714,0.001,0.001383263615374003,10.0,synthetic-grad_ramp-42
297,1.508052434545098,1.252152632906892,0.001,0.0011885484095922958,10.0,synthetic-grad_ramp-42
298,1.4858149034054713,1.2401551710493177,0.001,0.0012477544616182924,10.0,synthetic-grad_ramp-42
299,1.5156244202236746,1.2837003918078134,0.001,0.0012409885101289043,10.0,synthetic-grad_ramp-42
300,1.5351576680248027,1.2374149546728566,0.001,0.0012192335814254149,10.0,synthetic-grad_ramp-42
301,1.4847865777075564,1.1771400605793183,0.001,0.0011821447853780677,10.0,synthetic-grad_ramp-42
302,1.5193031482197643,1.1766736509844373,0.001,0.0010973853290138064,10.0,synthetic-grad_ramp-42
303,1.4999732123377676,1.2460531239169812,0.001,0.0012549375853114064,10.0,synthetic-grad_ramp-42
304,1.5025407098118582,1.2276471955285153,0.001,0.0012997692026154748,10.0,synthetic-grad_ramp-42
305,1.486230691538452,1.2438429924172008,0.001,0.001227037374729683,10.0,synthetic-grad_ramp-42
306,1.4955750189726646,1.2721445290580866,0.001,0.0012820986654169804,10.0,synthetic-grad_ramp-42
307,1.518664309304435,1.2103100047689026,0.001,0.0012481022277784734,10.0,synthetic-grad_ramp-42
308,1.5064793226477133,1.2654349200819213,0.001,0.0012592260276180394,10.0,synthetic-grad_ramp-42
309,1.522304084915301,1.2586211245304897,0.001,0.0012368749172390267,10.0,synthetic-grad_ramp-42
310,1.5125645575748548,1.1492917075644198,0.001,0.001073445699141069,10.0,synthetic-grad_ramp-42
311,1.5000776878605047,1.2896265749058715,0.001,0.0013146657111140305,10.0,synthetic-grad_ramp-42
312,1.5182424425093137,1.2063242760145527,0.001,0.0012022356864314712,10.0,synthetic-grad_ramp-42
313,1.497264375948388,1.1057108740276789,0.001,0.001072623951348774,10.0,synthetic-grad_ramp-42
314,1.5016993607192743,1.1088587112384019,0.001,0.0011130780544414353,10.0,synthetic-grad_ramp-42
315,1.4834350273856984,1.1111748950481708,0.001,0.0010918871274609291,10.0,synthetic-grad_ramp-42
316,1.4874898152739142,1.179331007296766,0.001,0.0011607827369597469,10.0,synthetic-grad_ramp-42
317,1.4746422783967597,1.1824916461287298,0.001,0.0012041964661712618,10.0,synthetic-grad_ramp-42
318,1.4985633625077974,1.1792390803530508,0.001,0.0011328288494061975,10.0,synthetic-grad_ramp-42
319,1.4646649656189061,1.2414597672412493,0.001,0.0012810850029819141,10.0,synthetic-grad_ramp-42
320,1.4926986290467958,1.2444174692457408,0.001,0.0011933171370374165,10.0,synthetic-grad_ramp-42
321,1.4767313882271504,1.2435420866514513,0.001,0.0012190633119396528,10.0,synthetic-grad_ramp-42
322,1.4957915557034267,1.249382958277494,0.001,0.001323577346536074,10.0,synthetic-grad_ramp-42
323,1.488121483206725,1.2654292933992537,0.001,0.001308958875664149,10.0,synthetic-grad_ramp-42
324,1.5028076325394732,1.0939863539590258,0.001,0.0010971943714731469,10.0,synthetic-grad_ramp-42
325,1.4851029339593445,1.1440137205979595,0.001,0.00111218547941068,10.0,synthetic-grad_ramp-42
326,1.4492079537189282,1.05137768231934,0.001,0.001034815565594607,10.0,synthetic-grad_ramp-42
327,1.4704353634227705,1.1528278139514019,0.001,0.0011553648160460746,10.0,synthetic-grad_ramp-42
328,1.4525145050794845,1.1876744116871016,0.001,0.0011890121259630995,10.0,synthetic-grad_ramp-42
329,1.4609792047947312,1.2711930438694212,0.001,0.001267732328380283,10.0,synthetic-grad_ramp-42
330,1.490084444952185,1.3117135525769996,0.001,0.0013105008107441333,10.0,synthetic-grad_ramp-42
331,1.475645457282871,1.2559938921222114,0.001,0.0012479421962697333,10.0,synthetic-grad_ramp-42
332,1.4542687301143788,1.1898654760832987,0.001,0.0011394901133447782,10.0,synthetic-grad_ramp-42
333,1.4482209563721715,1.232311834031125,0.001,0.001213363945969985,10.0,synthetic-grad_ramp-42
334,1.4625962616654522,1.1796519936067082,0.001,0.00121246829608301,10.0,synthetic-grad_ramp-42
335,1.442537713719568,1.1956286568137187,0.001,0.0011475418016895647,10.0,synthetic-grad_ramp-42
336,1.4494043590091856,1.2680422063800367,0.001,0.001260851738975628,10.0,synthetic-grad_ramp-42
337,1.4628407032432587,1.188770756709354,0.001,0.0011598923253271752,10.0,synthetic-grad_ramp-42
338,1.4741830798002036,1.2524426415252081,0.001,0.0012566334381110085,10.0,synthetic-grad_ramp-42
339,1.4646813888486245,1.2662790187400346,0.001,0.00125160120797442,10.0,synthetic-grad_ramp-42
340,1.4198809104207097,1.1617627444389236,0.001,0.001214412315594563,10.0,synthetic-grad_ramp-42
341,1.4575197484374118,1.2531332703059643,0.001,0.0012723232065763729,10.0,synthetic-grad_ramp-42
342,1.4527424431409326,1.2671669927487559,0.001,0.0012182672951734363,10.0,synthetic-grad_ramp-42
343,1.4565816729022698,1.2307802959264964,0.001,0.0012558155416617866,10.0,synthetic-grad_ramp-42
344,1.4733315194450707,1.1614853834793546,0.001,0.0011348042093583663,10.0,synthetic-grad_ramp-42
345,1.4168585216968932,1.131870861769402,0.001,0.001112446898710697,10.0,synthetic-grad_ramp-42
346,1.4376629216703758,1.141450925320067,0.001,0.0011522479405290291,10.0,synthetic-grad_ramp-42
347,1.4541190902304555,1.214640002431492,0.001,0.0011968526457133955,10.0,synthetic-grad_ramp-42
348,1.4202612364782696,1.1429140227102268,0.001,0.0011739414356974297,10.0,synthetic-grad_ramp-42
349,1.464857669643462,1.207660043803506,0.001,0.0011799231831917804,10.0,synthetic-grad_ramp-42
350,1.4469806785962407,1.122317462589274,0.001,0.0011016701141731582,10.0,synthetic-grad_ramp-42
351,1.4528945883958795,1.1578933871080157,0.001,0.0011353161764565505,10.0,synthetic-grad_ramp-42
352,1.4303757663256789,1.190727322972034,0.001,0.0011706921484224552,10.0,synthetic-grad_ramp-42
353,1.4498940524237447,1.3669585130219108,0.001,0.0014127864430579075,10.0,synthetic-grad_ramp-42
354,1.4524659192022396,1.1623549393579566,0.001,0.0011844895901111973,10.0,synthetic-grad_ramp-42
355,1.4386868277211262,1.3541036597458893,0.001,0.0014253794348368608,10.0,synthetic-grad_ramp-42
356,1.4374680349699156,1.3744598776840242,0.001,0.001471217315427418,10.0,synthetic-grad_ramp-42
357,1.43676907679692,1.4504229435659959,0.001,0.001406259986083873,10.0,synthetic-grad_ramp-42
358,1.4185291882258626,1.5049762420793642,0.001,0.0015081589761844997,10.0,synthetic-grad_ramp-42
359,1.4280353982655516,1.6061663387493144,0.001,0.0015504794008480418,10.0,synthetic-grad_ramp-42
360,1.4267329639882176,1.6452840099042834,0.001,0.0016073467558915297,10.0,synthetic-grad_ramp-42
361,1.4335476856591622,1.875660238256608,0.001,0.0018405386055655804,10.0,synthetic-grad_ramp-42
362,1.4415736093373401,1.8293292573105557,0.001,0.0017722230648921982,10.0,synthetic-grad_ramp-42
363,1.4094811546012707,2.0478187329891195,0.001,0.00198420548742541,10.0,synthetic-grad_ramp-42
364,1.4222704828957424,1.9992107342347796,0.001,0.0019905757896814583,10.0,synthetic-grad_ramp-42
365,1.4451573365005765,2.118424264054145,0.001,0.002042492729416366,10.0,synthetic-grad_ramp-42
366,1.4105750173257283,2.1159470983719086,0.001,0.002170084966138215,10.0,synthetic-grad_ramp-42
367,1.4081918706575434,2.3804264112823774,0.001,0.0023157810793455504,10.0,synthetic-grad_ramp-42
368,1.4223604268178944,2.710572835735725,0.001,0.002948943764062687,10.0,synthetic-grad_ramp-42
369,1.4307952478915953,2.6995489062510916,0.001,0.002663239273130492,10.0,synthetic-grad_ramp-42
370,1.4171079102657322,2.771219973986481,0.001,0.0027772137483501958,10.0,synthetic-grad_ramp-42
371,1.4356813812526237,2.7516129106518394,0.001,0.002646735561848598,10.0,synthetic-grad_ramp-42
372,1.4274127289534577,2.9820145337282904,0.001,0.003138615700167112,10.0,synthetic-grad_ramp-42
373,1.4260053512094568,2.944547432283355,0.001,0.0030451195225797635,10.0,synthetic-grad_ramp-42
374,1.4205104032341045,3.1491418182764304,0.001,0.0031773180269821055,10.0,synthetic-grad_ramp-42
375,1.445937422616846,3.5520605713887083,0.001,0.003411403537802169,10.0,synthetic-grad_ramp-42
376,1.406772526465102,4.071230006433715,0.001,0.004097041684922935,10.0,synthetic-grad_ramp-42
377,1.378627788819701,4.796363211481082,0.001,0.004637683681806603,10.0,synthetic-grad_ramp-42
378,1.4315784461966838,4.3608408437314585,0.001,0.0045564123601376065,10.0,synthetic-grad_ramp-42
379,1.399486473535113,4.878108658183067,0.001,0.00499797793007403,10.0,synthetic-grad_ramp-42
380,1.406810823051304,4.916819143482651,0.001,0.0049309170108995815,10.0,synthetic-grad_ramp-42
381,1.423679835742837,4.992368964079778,0.001,0.004640486776722813,10.0,synthetic-grad_ramp-42
382,1.3788499396978187,5.363230590447424,0.001,0.005207313273356169,10.0,synthetic-grad_ramp-42
383,1.382959670795736,5.575972641991197,0.001,0.005692215849175125,10.0,synthetic-grad_ramp-42
384,1.37656903561072,5.864730349726786,0.001,0.006082057331445605,10.0,synthetic-grad_ramp-42
385,1.3875332560873141,6.003282834946793,0.001,0.006206403322913646,10.0,synthetic-grad_ramp-42
386,1.4049002060783238,5.931340327535432,0.001,0.005654715632547941,10.0,synthetic-grad_ramp-42
387,1.405032082657597,6.063192583963499,0.001,0.006118292532238429,10.0,synthetic-grad_ramp-42
388,1.4001802279329574,7.134692860826575,0.001,0.007355399428589011,10.0,synthetic-grad_ramp-42
389,2.8737147101623464,7.0430935932247545,0.001,0.006701272525466813,10.0,synthetic-grad_ramp-42
390,2.7623884313226332,6.265261085671974,0.001,0.006263775546238904,10.0,synthetic-grad_ramp-42
391,2.7062313091026984,5.844689058270341,0.001,0.005892902540614257,10.0,synthetic-grad_ramp-42
392,2.6125552426600454,5.599552968377269,0.001,0.005549255806972585,10.0,synthetic-grad_ramp-42
393,2.5462019706730032,5.013377502838206,0.001,0.004742407814911212,10.0,synthetic-grad_ramp-42
394,2.4746310569003223,4.330252548990246,0.001,0.004288147932740328,10.0,synthetic-grad_ramp-42
395,2.3957477652771177,4.289228738091627,0.001,0.004247318202289926,10.0,synthetic-grad_ramp-42
396,2.3391221559628375,4.0976189640361005,0.001,0.004079457004389542,10.0,synthetic-grad_ramp-42
397,2.2693896485714316,3.5714732118626684,0.001,0.0035116079299871233,10.0,synthetic-grad_ramp-42
398,2.2160493412185875,3.285279163786252,0.001,0.003241905470431555,10.0,synthetic-grad_ramp-42
399,2.1433384057854044,3.0440726941198335,0.001,0.003040448788629235,10.0,synthetic-grad_ramp-42
400,2.1004516492159917,2.7692530771546573,0.001,0.002806256180048341,10.0,synthetic-grad_ramp-42
401,2.0585411230083785,2.448080960649441,0.001,0.0024258249045685707,10.0,synthetic-grad_ramp-42
402,2.023340820942699,2.2023305285800063,0.001,0.0021754306892652155,10.0,synthetic-grad_ramp-42
403,1.96337666861796,1.9865242116923758,0.001,0.001992035749349268,10.0,synthetic-grad_ramp-42
404,1.9379758606637392,1.648029867708113,0.001,0.001555742738846761,10.0,synthetic-grad_ramp-42
405,1.8895028621474301,1.6021019880282472,0.001,0.0016251946014912912,10.0,synthetic-grad_ramp-42
406,1.8573576918557184,1.331810865278259,0.001,0.0013317883673022908,10.0,synthetic-grad_ramp-42
407,1.8393442447760007,1.2104107783859255,0.001,0.001211853001091856,10.0,synthetic-grad_ramp-42
408,1.7667979556978572,1.2350748754023806,0.001,0.0012711901979236475,10.0,synthetic-grad_ramp-42
409,1.3535256824332478,1.2531628246029594,0.001,0.001181856077088275,10.0,synthetic-grad_ramp-42
410,1.349675870803587,1.304943000160253,0.001,0.0012299141198503793,10.0,synthetic-grad_ramp-42
411,1.335843330369424,1.2012792728790573,0.001,0.0012111873567682034,10.0,synthetic-grad_ramp-42
412,1.3596155532959193,1.1115896404464265,0.001,0.001111352335107341,10.0,synthetic-grad_ramp-42
413,1.3799759948172736,1.1372219940611885,0.001,0.0011430427085699518,10.0,synthetic-grad_ramp-42
414,1.3634092018282165,1.1679030682186142,0.001,0.0011518232010306183,10.0,synthetic-grad_ramp-42
415,1.3696002920472146,1.1771155532416915,0.001,0.0012008115378527348,10.0,synthetic-grad_ramp-42
416,1.3819256741909636,1.2506110918270028,0.001,0.0012860962540024896,10.0,synthetic-grad_ramp-42
417,1.384459659035597,1.1763488677386487,0.001,0.0011935534267252224,10.0,synthetic-grad_ramp-42
418,1.3624672292163782,1.197252397208088,0.001,0.0011879206297672764,10.0,synthetic-grad_ramp-42
419,1.3827709851505448,1.1188103770619522,0.001,0.0010502573988046145,10.0,synthetic-grad_ramp-42
420,1.362814954171154,1.182344491858547,0.001,0.0012099468233945376,10.0,synthetic-grad_ramp-42
421,1.3478408889007891,1.1759113101915628,0.001,0.0012198102210336792,10.0,synthetic-grad_ramp-42
422,1.3504576069967982,1.1258433460079755,0.001,0.001147825345287062,10.0,synthetic-grad_ramp-42
423,1.336140248277019,1.1404035719604884,0.001,0.0011107027659120886,10.0,synthetic-grad_ramp-42
424,1.3440038971394064,1.1485846864033329,0.001,0.0011720382284654582,10.0,synthetic-grad_ramp-42
425,1.3509361805523592,1.1458121780984223,0.001,0.0011757774667808297,10.0,synthetic-grad_ramp-42
426,1.3673436407181228,1.2806409246456427,0.001,0.0013419518551049522,10.0,synthetic-grad_ramp-42
427,1.380087747776307,1.2011382734095852,0.001,0.0011699796677203985,10.0,synthetic-grad_ramp-42
428,1.332532704512117,1.1649162985673989,0.001,0.0011570291011899863,10.0,synthetic-grad_ramp-42
429,1.3581499500019947,1.0406006250470876,0.001,0.0010641924323818762,10.0,synthetic-grad_ramp-42
430,1.3356443651997507,1.0685369566554779,0.001,0.0010703788858699584,10.0,synthetic-grad_ramp-42
431,1.3573708342925759,1.1163754160996162,0.001,0.00107957492282691,10.0,synthetic-grad_ramp-42
432,1.3472847910725299,1.1073565567774,0.001,0.0011212164177971102,10.0,synthetic-grad_ramp-42
433,1.320791067343603,1.2369705282096095,0.001,0.0012586316224903447,10.0,synthetic-grad_ramp-42
434,1.361185516400388,1.1807551948100716,0.001,0.0011838751890592685,10.0,synthetic-grad_ramp-42
435,1.3371952924163788,1.2581278757857417,0.001,0.0012664432120922681,10.0,synthetic-grad_ramp-42
436,1.3372738678128302,1.2022352957393743,0.001,0.0011929406501037692,10.0,synthetic-grad_ramp-42
437,1.3282509721325326,1.1814536999824934,0.001,0.0012350284391419225,10.0,synthetic-grad_ramp-42
438,1.3335007066567848,1.1659378061996417,0.001,0.0011348551044913773,10.0,synthetic-grad_ramp-42
439,1.3487538124957161,1.1662647114021802,0.001,0.0011458955425093212,10.0,synthetic-grad_ramp-42
440,1.3385200854264918,1.281516517645859,0.001,0.001281938930759621,10.0,synthetic-grad_ramp-42
441,1.3453147618339616,1.0604894006046346,0.001,0.001088824986867697,10.0,synthetic-grad_ramp-42
442,1.344842519521422,1.009827926681934,0.001,0.0009654690356829363,10.0,synthetic-grad_ramp-42
443,1.3582552471840754,1.075379735314576,0.001,0.0010339277908341306,10.0,synthetic-grad_ramp-42
444,1.3323379235476882,1.133348378001753,0.001,0.0010661399073933608,10.0,synthetic-grad_ramp-42
445,1.3143639969557988,1.1978468198191699,0.001,0.0011990223123676186,10.0,synthetic-grad_ramp-42
446,1.3515650959332066,1.2065666156421486,0.001,0.0011667587951746097,10.0,synthetic-grad_ramp-42
447,1.329627071820028,1.153708276003058,0.001,0.001140474996325207,10.0,synthetic-grad_ramp-42
448,1.3503636472124936,1.2266669522699412,0.001,0.0012512487367272727,10.0,synthetic-grad_ramp-42
449,1.338443507016467,1.253818468834165,0.001,0.0012299178621479404,10.0,synthetic-grad_ramp-42
450,1.329776593002427,1.2057922420107734,0.001,0.00121418767608639,10.0,synthetic-grad_ramp-42
451,1.3360288081162384,1.2412368974279728,0.001,0.001230140318722315,10.0,synthetic-grad_ramp-42
452,1.3591185722444008,1.2069741744102338,0.001,0.0012315579265030833,10.0,synthetic-grad_ramp-42
453,1.3600669985977913,1.1414067036793119,0.001,0.0011577926383473487,10.0,synthetic-grad_ramp-42
454,1.329014599508573,1.1993659938625125,0.001,0.001174726163201728,10.0,synthetic-grad_ramp-42
455,1.3294410105405714,1.181343878712847,0.001,0.0011753819024022268,10.0,synthetic-grad_ramp-42
456,1.342248692863058,1.1678489298992936,0.001,0.0012049955055874982,10.0,synthetic-grad_ramp-42
457,1.3124897759539813,1.260995439010294,0.001,0.0012759649885699701,10.0,synthetic-grad_ramp-42
458,1.3292430024682775,1.0436977644842218,0.001,0.0010008614590377855,10.0,synthetic-grad_ramp-42
459,1.3229339065088608,1.0337781850626417,0.001,0.0010543123713253894,10.0,synthetic-grad_ramp-42
460,1.327108014113027,1.0432938385287958,0.001,0.0010098931589593077,10.0,synthetic-grad_ramp-42
461,1.3089790323984707,1.0949633594572794,0.001,0.0011423599944481464,10.0,synthetic-grad_ramp-42
462,1.2967188499593858,1.120121309411371,0.001,0.0011550688546487075,10.0,synthetic-grad_ramp-42
463,1.288553025527851,1.0537027178499432,0.001,0.0010629062729137443,10.0,synthetic-grad_ramp-42
464,1.3019750394529601,1.0612609327882552,0.001,0.0010662787100980974,10.0,synthetic-grad_ramp-42
465,1.3109462978804753,1.0710286701233822,0.001,0.0010643332991166954,10.0,synthetic-grad_ramp-42
466,1.3125217738648063,1.2893702542147427,0.001,0.0013158852626842534,10.0,synthetic-grad_ramp-42
467,1.345073922711877,1.3269085723382106,0.001,0.001312230695278546,10.0,synthetic-grad_ramp-42
468,1.3317037431546979,1.1864644473354626,0.001,0.001194879003845372,10.0,synthetic-grad_ramp-42
469,1.2997834355512667,1.1437302756598025,0.001,0.0011740427364015846,10.0,synthetic-grad_ramp-42
470,1.3185339537939975,1.081199777178053,0.001,0.0010631297297034755,10.0,synthetic-grad_ramp-42
471,1.3063182358751888,1.0166131875705036,0.001,0.0009979929328366647,10.0,synthetic-grad_ramp-42
472,1.3072675846681296,1.0977496170920151,0.001,0.0010591125253706297,10.0,synthetic-grad_ramp-42
473,1.313424102926855,1.0741278518408404,0.001,0.0010403683668149652,10.0,synthetic-grad_ramp-42
474,1.319045496760042,1.1206804225631644,0.001,0.0010608645210850429,10.0,synthetic-grad_ramp-42
475,1.3037852932048215,1.0463069497564934,0.001,0.001069468330151043,10.0,synthetic-grad_ramp-42
476,1.3239507053352826,1.0694680910987506,0.001,0.0011291090269744718,10.0,synthetic-grad_ramp-42
477,1.2899851350630458,1.132847160027382,0.001,0.0011823381284751257,10.0,synthetic-grad_ramp-42
478,1.3063330775579993,1.1696192811397637,0.001,0.001113931623615763,10.0,synthetic-grad_ramp-42
479,1.3443293805925591,1.1859038827278687,0.001,0.0012119745562175275,10.0,synthetic-grad_ramp-42
480,1.307839246675342,1.0828367190108412,0.001,0.0011300336147486985,10.0,synthetic-grad_ramp-42
481,1.3251225296366433,1.1820190986050148,0.001,0.0011659308458622582,10.0,synthetic-grad_ramp-42
482,1.3041308547792352,1.112607799016069,0.001,0.0011159990930453656,10.0,synthetic-grad_ramp-42
483,1.3106059201016549,1.1784176899635506,0.001,0.0011095292279307588,10.0,synthetic-grad_ramp-42
484,1.3001811917655335,1.1603502747049996,0.001,0.0011696727461374377,10.0,synthetic-grad_ramp-42
485,1.2976179593871007,1.0703940389531497,0.001,0.0010367803039807904,10.0,synthetic-grad_ramp-42
486,1.2876254209790863,1.1028780175692747,0.001,0.0011095030287137542,10.0,synthetic-grad_ramp-42
487,1.304918204550841,1.1568515852641892,0.001,0.0011039184494041434,10.0,synthetic-grad_ramp-42
488,1.2848390900050972,1.1922862056705965,0.001,0.0012118624510634327,10.0,synthetic-grad_ramp-42
489,1.3067468195525647,1.1558025046602578,0.001,0.0011918780927116423,10.0,synthetic-grad_ramp-42
490,1.3121956617966166,1.2532625644463826,0.001,0.0012241598925789745,10.0,synthetic-grad_ramp-42
491,1.3005700592059224,1.25242344027955,0.001,0.001210426466470914,10.0,synthetic-grad_ramp-42
492,1.289936497214843,1.1678306114009194,0.001,0.0010946855555272427,10.0,synthetic-grad_ramp-42
493,1.300200253909671,1.2042721152134153,0.001,0.001194685444820274,10.0,synthetic-grad_ramp-42
494,1.2879236114170318,1.2989592824103482,0.001,0.0012764918510219973,10.0,synthetic-grad_ramp-42
495,1.3057522393575456,1.3355644593470861,0.001,0.0012748435129167795,10.0,synthetic-grad_ramp-42
496,1.2634156478191592,1.131502253640388,0.001,0.0011469849771050054,10.0,synthetic-grad_ramp-42
497,1.285022709754664,1.0853760151084526,0.001,0.0010708228516927965,10.0,synthetic-grad_ramp-42
498,1.2593670893560303,1.221185510670638,0.001,0.0011824044541185155,10.0,synthetic-grad_ramp-42
499,1.265978166892794,1.1063237249405447,0.001,0.0010880698937660702,10.0,synthetic-grad_ramp-42
500,1.3080391771773396,1.0531320850664943,0.001,0.001087528617267734,10.0,synthetic-grad_ramp-42
501,1.3001885304472216,1.0836721653150003,0.001,0.00110345209628723,10.0,synthetic-grad_ramp-42
502,1.2751504051116107,1.150328753322061,0.001,0.0011458503121949929,10.0,synthetic-grad_ramp-42
503,1.2625892438904693,1.1411424739167122,0.001,0.001162535134473331,10.0,synthetic-grad_ramp-42
504,1.2398453778509213,1.1039657430393153,0.001,0.0010661793515519757,10.0,synthetic-grad_ramp-42
505,1.2753497134135818,1.0896434990799584,0.001,0.0010907021691302567,10.0,synthetic-grad_ramp-42
506,1.3189995211351144,1.0822241211495984,0.001,0.0010870177799303703,10.0,synthetic-grad_ramp-42
507,1.2884100176441358,1.0695818549102836,0.001,0.0010546117471735292,10.0,synthetic-grad_ramp-42
508,1.272688928020137,1.267255458181257,0.001,0.0012839191751021241,10.0,synthetic-grad_ramp-42
509,1.2872567687447645,1.2055280190998345,0.001,0.001177630839931844,10.0,synthetic-grad_ramp-42
510,1.256066531604897,1.2234624259226365,0.001,0.001242318652161568,10.0,synthetic-grad_ramp-42
511,1.2742236792352462,1.1399892587927478,0.001,0.0011590197484141172,10.0,synthetic-grad_ramp-42
512,1.2793805895159804,1.1306515683384262,0.001,0.0010359089763146896,10.0,synthetic-grad_ramp-42
513,1.2758040838669642,1.0949783070577848,0.001,0.001134785587358542,10.0,synthetic-grad_ramp-42
514,1.2881671136995512,0.9731203743463868,0.001,0.000888095082560088,10.0,synthetic-grad_ramp-42
515,1.2806863840503946,1.0013507202985945,0.001,0.000983014250619719,10.0,synthetic-grad_ramp-42
516,1.2847555288286219,0.9874822031793289,0.001,0.001018329598710769,10.0,synthetic-grad_ramp-42
517,1.2636212299243048,0.959067264191421,0.001,0.0009499815948783648,10.0,synthetic-grad_ramp-42
518,1.2866324571867336,1.0058356332807292,0.001,0.0009625522702452769,10.0,synthetic-grad_ramp-42
519,1.296819922099474,1.1746134741134593,0.001,0.0011366973807213094,10.0,synthetic-grad_ramp-42
520,1.2570564904744994,1.1499905524971892,0.001,0.001185969874720305,10.0,synthetic-grad_ramp-42
521,1.2575183810333666,1.22826560078156,0.001,0.001159464148802344,10.0,synthetic-grad_ramp-42
522,1.2900978744034994,1.19735259814853,0.001,0.001238601207532964,10.0,synthetic-grad_ramp-42
523,1.2664204476298653,1.2110259841664754,0.001,0.0012090257356786526,10.0,synthetic-grad_ramp-42
524,1.2895796246750528,1.1081502644234218,0.001,0.0010692102982040126,10.0,synthetic-grad_ramp-42
525,1.261118156499733,1.1616340960028342,0.001,0.0011414898157198006,10.0,synthetic-grad_ramp-42
526,1.2888179499725587,1.194141833400807,0.001,0.0011582509507045444,10.0,synthetic-grad_ramp-42
527,1.2682028072611493,1.122023650801393,0.001,0.0011515635665939254,10.0,synthetic-grad_ramp-42
528,1.2693443793513235,1.1684318653234846,0.001,0.0011943897650208756,10.0,synthetic-grad_ramp-42
529,1.2881843114301927,1.1853697020614673,0.001,0.0011257842194656302,10.0,synthetic-grad_ramp-42
530,1.258531738975479,1.1202680902586677,0.001,0.0011067859331922443,10.0,synthetic-grad_ramp-42
531,1.2490883744933314,1.0640824429889224,0.001,0.0010368811384187122,10.0,synthetic-grad_ramp-42
532,1.2557258012222323,1.0414053626522306,0.001,0.0010826117515469605,10.0,synthetic-grad_ramp-42
533,1.2684904744980048,1.1082242632351613,0.001,0.0010642347517652892,10.0,synthetic-grad_ramp-42
534,1.237472416423948,1.1475111165192837,0.001,0.001204087746814022,10.0,synthetic-grad_ramp-42
535,1.2697763335921086,1.0920501330740475,0.001,0.0010909598919125187,10.0,synthetic-grad_ramp-42
536,1.2513902920333293,1.1225611817280605,0.001,0.0010841050542514758,10.0,synthetic-grad_ramp-42
537,1.2759487615929412,1.1676795915379543,0.001,0.0011441938168592482,10.0,synthetic-grad_ramp-42
538,1.2220794890886724,1.1868176206316605,0.001,0.0011586168132612365,10.0,synthetic-grad_ramp-42
539,1.245458835085811,1.2562895387436355,0.001,0.0012091577149828407,10.0,synthetic-grad_ramp-42
540,1.2312263275552537,1.2621266722827107,0.001,0.0012657222895416282,10.0,synthetic-grad_ramp-42
541,1.2433980300092842,1.1151182139086193,0.001,0.001074787485590647,10.0,synthetic-grad_ramp-42
542,1.258776670797425,1.2375462372401778,0.001,0.0011591878051672834,10.0,synthetic-grad_ramp-42
543,1.2516455753126907,1.1361377176229466,0.001,0.0011232701963956944,10.0,synthetic-grad_ramp-42
544,1.249807679770987,1.2022902445485106,0.001,0.0011389907793962386,10.0,synthetic-grad_ramp-42
545,1.2504970091188747,1.1620123007389387,0.001,0.0011360853143798349,10.0,synthetic-grad_ramp-42
546,1.255214109050217,1.1181389797212156,0.001,0.0010880559713538542,10.0,synthetic-grad_ramp-42
547,1.2363158065403128,1.0215145350201673,0.001,0.0009951616249375746,10.0,synthetic-grad_ramp-42
548,1.2613292061157173,1.0827321337649465,0.001,0.001149717768121088,10.0,synthetic-grad_ramp-42
549,1.259951112138803,1.0236503257986722,0.001,0.001025384164086241,10.0,synthetic-grad_ramp-42
550,1.2550733936371625,1.1532111647913448,0.001,0.0011617314232970652,10.0,synthetic-grad_ramp-42
551,1.2569345632885571,1.2390332208729302,0.001,0.001174731329900835,10.0,synthetic-grad_ramp-42
552,1.2523235980138199,1.1185675299486788,0.001,0.001096836340116845,10.0,synthetic-grad_ramp-42
553,1.277696217386826,1.1462967690009442,0.001,0.0011537247534170018,10.0,synthetic-grad_ramp-42
554,1.245158512840863,1.0924803231959266,0.001,0.001059412775916726,10.0,synthetic-grad_ramp-42
555,1.241155496652366,1.0798250550426636,0.001,0.0011096458687389048,10.0,synthetic-grad_ramp-42
556,1.2337576569624487,1.1615249097699643,0.001,0.0011203630915227964,10.0,synthetic-grad_ramp-42
557,1.2288774568453817,1.139276232174237,0.001,0.001129530650214549,10.0,synthetic-grad_ramp-42
558,1.2249971411145437,1.2476647869484125,0.001,0.001225920615334436,10.0,synthetic-grad_ramp-42
559,1.229637068351616,1.1396577877598182,0.001,0.0011452897376149239,10.0,synthetic-grad_ramp-42
560,1.2412156158688055,1.1976643519877617,0.001,0.001174871270588906,10.0,synthetic-grad_ramp-42
561,1.246599019827713,1.1595054324732275,0.001,0.001150120539773304,10.0,synthetic-grad_ramp-42
562,1.241662467205658,1.1911523196185976,0.001,0.0011827441289857887,10.0,synthetic-grad_ramp-42
563,1.2287250170869375,1.1228107090583865,0.001,0.001098343867791825,10.0,synthetic-grad_ramp-42
564,1.253025485513034,1.1239776917328723,0.001,0.0011404543322998384,10.0,synthetic-grad_ramp-42
565,1.2499305332304167,1.1201493630606076,0.001,0.0011281889947021852,10.0,synthetic-grad_ramp-42
566,1.2357631943379899,1.0751806533785946,0.001,0.001072326169279485,10.0,synthetic-grad_ramp-42
567,1.2276846967303667,1.1507310481668929,0.001,0.0011359663341876062,10.0,synthetic-grad_ramp-42
568,1.2450273162646222,1.1774684426168802,0.001,0.0012059444876921128,10.0,synthetic-grad_ramp-42
569,1.2389448928861697,1.1831023789670063,0.001,0.0011747614383043838,10.0,synthetic-grad_ramp-42
570,1.213729699359047,1.248010862892073,0.001,0.0012365806812099714,10.0,synthetic-grad_ramp-42
571,1.2337601456421536,1.2652610351614724,0.001,0.0012692410884359326,10.0,synthetic-grad_ramp-42
572,1.2380405444661862,1.1498140536260035,0.001,0.001209851757077986,10.0,synthetic-grad_ramp-42
573,1.2199466543943052,1.1584768078418362,0.001,0.0011128178023780376,10.0,synthetic-grad_ramp-42
574,1.235623701641632,1.099406811551504,0.001,0.0011250938775836407,10.0,synthetic-grad_ramp-42
575,1.2102895882416043,1.1183896914724458,0.001,0.0010566407165060452,10.0,synthetic-grad_ramp-42
576,1.251492486584572,1.087047088608116,0.001,0.0010941558160968135,10.0,synthetic-grad_ramp-42
577,1.2495086038107508,1.2158709707661683,0.001,0.0012747029271838858,10.0,synthetic-grad_ramp-42
578,1.226343136966793,1.1798807263921451,0.001,0.0011973052538038946,10.0,synthetic-grad_ramp-42
579,1.234926133616247,1.1306093064764768,0.001,0.0011364114527340518,10.0,synthetic-grad_ramp-42
580,1.1926707838900037,1.203606721981911,0.001,0.0011835390758137363,10.0,synthetic-grad_ramp-42
581,1.2108215612178448,1.0222880315355818,0.001,0.0010232406505531811,10.0,synthetic-grad_ramp-42
582,1.22310911765156,0.9737111149900105,0.001,0.0009663757934201502,10.0,synthetic-grad_ramp-42
583,1.2107846887375688,1.1170851176143608,0.001,0.0010910531483529515,10.0,synthetic-grad_ramp-42
584,1.2369353658777518,1.1254812388025528,0.001,0.0011157361860102202,10.0,synthetic-grad_ramp-42
585,1.2555334478692204,1.1401236642886396,0.001,0.0011469292674261351,10.0,synthetic-grad_ramp-42
586,1.2072812018079295,1.0500010952428018,0.001,0.0010261097349804342,10.0,synthetic-grad_ramp-42
587,1.2117267303974237,1.0958180446705317,0.001,0.0010696299018142059,10.0,synthetic-grad_ramp-42
588,1.2271804967719409,1.2433106716318096,0.001,0.0011935957802218084,10.0,synthetic-grad_ramp-42
589,1.2471774289688735,1.2177074324810468,0.001,0.0012320650795169673,10.0,synthetic-grad_ramp-42
590,1.204038808044008,1.1659635298278028,0.001,0.0011851952243174754,10.0,synthetic-grad_ramp-42
591,1.2254755158600834,1.1104065477996932,0.001,0.0011181505445203921,10.0,synthetic-grad_ramp-42
592,1.2484268182045168,1.0941122740342428,0.001,0.0011262555306482483,10.0,synthetic-grad_ramp-42
593,1.1957001145955404,0.9892812727099375,0.001,0.0009918924870516521,10.0,synthetic-grad_ramp-42
594,1.2006314299008534,1.0888327775784377,0.001,0.001101713400030309,10.0,synthetic-grad_ramp-42
595,1.212866129766369,1.1628287368564092,0.001,0.001173476517744449,10.0,synthetic-grad_ramp-42
596,1.2107859530842973,1.0414005203161387,0.001,0.0010385445489306108,10.0,synthetic-grad_ramp-42
597,1.230160133455671,1.0534872742890788,0.001,0.0010368437261679174,10.0,synthetic-grad_ramp-42
598,1.2209741241561618,1.0291382207414352,0.001,0.0010998198037498446,10.0,synthetic-grad_ramp-42
599,1.190104685964322,1.0314479132653613,0.001,0.0010175573768316916,10.0,synthetic-grad_ramp-42
600,1.223841930621055,1.0915996776796564,0.001,0.0010700098812508804,10.0,synthetic-grad_ramp-42
601,1.2068311131565854,0.9898115727839794,0.001,0.0010027834769118945,10.0,synthetic-grad_ramp-42
602,1.2339960857479104,1.109364491126571,0.001,0.0011177781868542686,10.0,synthetic-grad_ramp-42
603,1.2048524995926704,1.163270289118498,0.001,0.0011152644000764866,10.0,synthetic-grad_ramp-42
604,1.204105767652069,1.1189945764480782,0.001,0.0011573245631413213,10.0,synthetic-grad_ramp-42
605,1.221162399443659,0.9763658600296431,0.001,0.0009736107036476567,10.0,synthetic-grad_ramp-42
606,1.2238814900471455,1.0099065334224948,0.001,0.000976803134296687,10.0,synthetic-grad_ramp-42
607,1.2185529849872458,1.1550618291854575,0.001,0.0011969987684768365,10.0,synthetic-grad_ramp-42
608,1.1859431657214083,0.9708536200415195,0.001,0.0009892489039610508,10.0,synthetic-grad_ramp-42
609,1.21869499733932,1.0440966646862488,0.001,0.0010052294421602716,10.0,synthetic-grad_ramp-42
610,1.1945089346081819,1.0229438548871832,0.001,0.0010789626689580443,10.0,synthetic-grad_ramp-42
611,1.212953486179193,1.1326220538320348,0.001,0.001155229779436199,10.0,synthetic-grad_ramp-42
612,1.1874708266841032,1.0818404029659052,0.001,0.001081509536476685,10.0,synthetic-grad_ramp-42
613,1.2149258788480388,1.1295516207665601,0.001,0.001184744716620648,10.0,synthetic-grad_ramp-42
614,1.1955379663365209,1.1568170087705019,0.001,0.0011623585912247211,10.0,synthetic-grad_ramp-42
615,1.187805028410125,1.2507912267851446,0.001,0.0012497378886432231,10.0,synthetic-grad_ramp-42
616,1.2171611386348966,1.1489203731274942,0.001,0.0011263853406103896,10.0,synthetic-grad_ramp-42
617,1.2094894781750278,1.1511916047058894,0.001,0.0011714626509868997,10.0,synthetic-grad_ramp-42
618,1.1960678126214062,1.0397631638057319,0.001,0.0010547365806140396,10.0,synthetic-grad_ramp-42
619,1.226459477405584,1.1622723813628149,0.001,0.0011627843637285814,10.0,synthetic-grad_ramp-42
620,1.1974980093292529,1.0853753525649366,0.001,0.0010599548189833639,10.0,synthetic-grad_ramp-42
621,1.2040070779321146,1.071243214918474,0.001,0.0010754269577584812,10.0,synthetic-grad_ramp-42
622,1.2069784931409606,1.0982480466690132,0.001,0.0010959507613206429,10.0,synthetic-grad_ramp-42
623,1.1930707877103854,1.0177159060596332,0.001,0.000977806558897197,10.0,synthetic-grad_ramp-42
624,1.2088554583864948,1.0934233998716902,0.001,0.0010461943356504105,10.0,synthetic-grad_ramp-42
625,1.1932109132946855,1.167566410570128,0.001,0.001187530799513529,10.0,synthetic-grad_ramp-42
626,1.1944640507393325,1.1510237005801685,0.001,0.0010645956666762563,10.0,synthetic-grad_ramp-42
627,1.22050583010749,1.0325416289741296,0.001,0.0010389241218485517,10.0,synthetic-grad_ramp-42
628,1.1838865978551207,1.07729186146421,0.001,0.0010619510872855343,10.0,synthetic-grad_ramp-42
629,1.1627345103461248,1.1465852828388778,0.001,0.0011924805151337448,10.0,synthetic-grad_ramp-42
630,1.2225227207910823,1.0144768094632457,0.001,0.000999569067545824,10.0,synthetic-grad_ramp-42
631,1.2360326549663623,1.0156946216606169,0.001,0.0010359897616095419,10.0,synthetic-grad_ramp-42
632,1.191149381142546,1.1310910276349198,0.001,0.0011177025265110777,10.0,synthetic-grad_ramp-42
633,1.1676131439910267,1.1358255694063222,0.001,0.0011397081319896305,10.0,synthetic-grad_ramp-42
634,1.1914473548689306,1.1462473303270229,0.001,0.001171867360908452,10.0,synthetic-grad_ramp-42
635,1.1912517710308852,1.2450462733445387,0.001,0.0012278884969601164,10.0,synthetic-grad_ramp-42
636,1.192138354717528,1.1870575446705183,0.001,0.0012230824126314096,10.0,synthetic-grad_ramp-42
637,1.1777300804918291,1.1794720709963997,0.001,0.001144829828532086,10.0,synthetic-grad_ramp-42
638,1.2025695942377084,1.317320575634427,0.001,0.0013290143695289926,10.0,synthetic-grad_ramp-42
639,1.2011906463735036,1.1656812971543649,0.001,0.0011983970979740836,10.0,synthetic-grad_ramp-42
640,1.1703553882388782,1.0813912308828217,0.001,0.0011030173981687475,10.0,synthetic-grad_ramp-42
641,1.2027094339492905,1.1266637257542549,0.001,0.0011933376831649925,10.0,synthetic-grad_ramp-42
642,1.222463337296786,1.143508571450441,0.001,0.0011176162296540478,10.0,synthetic-grad_ramp-42
643,1.1937056118270097,1.0898631355293475,0.001,0.0010456907241173162,10.0,synthetic-grad_ramp-42
644,1.1855210338972773,1.0421577064377765,0.001,0.0010115291829513478,10.0,synthetic-grad_ramp-42
645,1.187907123363643,1.2328419489763118,0.001,0.0012575121800123348,10.0,synthetic-grad_ramp-42
646,1.19872383466064,1.172265662733021,0.001,0.0011899080416140945,10.0,synthetic-grad_ramp-42
647,1.162994267548733,1.0864586815340123,0.001,0.0010897967280470613,10.0,synthetic-grad_ramp-42
648,1.1908811031367013,1.1581708621479818,0.001,0.0011198034805802973,10.0,synthetic-grad_ramp-42
649,1.1820207223954595,1.1193030436245843,0.001,0.0011453522457796008,10.0,synthetic-grad_ramp-42
650,1.215059029573506,1.0971604550557366,0.001,0.0010575810736719266,10.0,synthetic-grad_ramp-42
651,1.1841945654345223,1.1393274227977868,0.001,0.0011796368015108557,10.0,synthetic-grad_ramp-42
652,1.2112924976282375,1.0424061985243063,0.001,0.001135706411029401,10.0,synthetic-grad_ramp-42
653,1.1691866206211765,1.105983939037967,0.001,0.0011182096904928454,10.0,synthetic-grad_ramp-42
654,1.194021682484634,1.2301644159544523,0.001,0.0012518733082054476,10.0,synthetic-grad_ramp-42
655,1.1894753747763582,1.179030884864752,0.001,0.0011617262250020546,10.0,synthetic-grad_ramp-42
656,1.1711217455669585,1.1089079735200738,0.001,0.0010502931585246824,10.0,synthetic-grad_ramp-42
657,1.1862929827971045,1.0774417085613635,0.001,0.0010581349336746578,10.0,synthetic-grad_ramp-42
658,1.2012959094607347,1.0721976180642625,0.001,0.0010376136752589117,10.0,synthetic-grad_ramp-42
659,1.1777288319359083,1.0794781778579685,0.001,0.0010336204286690409,10.0,synthetic-grad_ramp-42
660,1.1566853388511928,1.0745580170674172,0.001,0.0011315407825860154,10.0,synthetic-grad_ramp-42
661,1.181281893524211,1.1518412396848274,0.001,0.001161308765843979,10.0,synthetic-grad_ramp-42
662,1.1674910288358693,1.0200191279510091,0.001,0.001031704209662062,10.0,synthetic-grad_ramp-42
663,1.1753757782896797,1.127377281010448,0.001,0.0011169740342429925,10.0,synthetic-grad_ramp-42
664,1.1787720664955497,1.0903535414648302,0.001,0.001084713461298789,10.0,synthetic-grad_ramp-42
665,1.1538975598269294,1.123338815241286,0.001,0.0011563191994055349,10.0,synthetic-grad_ramp-42
666,1.1547353931666682,1.0448735829539844,0.001,0.0010438604284387057,10.0,synthetic-grad_ramp-42
667,1.1856906569614531,1.1658934871569004,0.001,0.0011846040135662966,10.0,synthetic-grad_ramp-42
668,1.1701097169726138,1.205815860548988,0.001,0.0011987463131115544,10.0,synthetic-grad_ramp-42
669,1.138971627932549,1.2009159104541052,0.001,0.0011886520543310725,10.0,synthetic-grad_ramp-42
670,1.1887091977672595,1.0464956792803386,0.001,0.001003244962723388,10.0,synthetic-grad_ramp-42
671,1.1805172720864097,1.1343549916876403,0.001,0.001069008654894117,10.0,synthetic-grad_ramp-42
672,1.165220232195873,1.1397657372833423,0.001,0.0011308571563840013,10.0,synthetic-grad_ramp-42
673,1.1556739663404807,1.022048264970054,0.001,0.0010237820041938237,10.0,synthetic-grad_ramp-42
674,1.1874630349543818,1.0730284909503338,0.001,0.0010324154096578101,10.0,synthetic-grad_ramp-42
675,1.1796671008190223,1.1149229983482578,0.001,0.0011137704898428566,10.0,synthetic-grad_ramp-42
676,1.2096682245853783,1.1417969468318667,0.001,0.001143639667566192,10.0,synthetic-grad_ramp-42
677,1.1797357880215837,1.1274778178071558,0.001,0.0010568606662970693,10.0,synthetic-grad_ramp-42
678,1.1787536906354532,1.1294298437611963,0.001,0.0010988445323248139,10.0,synthetic-grad_ramp-42
679,1.169940820781615,1.205902236624683,0.001,0.0012207262245540655,10.0,synthetic-grad_ramp-42
680,1.1842043816710945,1.2170385886374666,0.001,0.0012312529179201997,10.0,synthetic-grad_ramp-42
681,1.180838429308466,0.9747221687323959,0.001,0.0009415639108642389,10.0,synthetic-grad_ramp-42
682,1.1897488337368654,1.037482747316866,0.001,0.0010424261005412662,10.0,synthetic-grad_ramp-42
683,1.1626653178460427,1.0692102990488843,0.001,0.001102513479401057,10.0,synthetic-grad_ramp-42
684,1.1634676442652092,0.990083116812899,0.001,0.0010134352585313298,10.0,synthetic-grad_ramp-42
685,1.1623271912753494,1.0666776508934068,0.001,0.0010636328283078686,10.0,synthetic-grad_ramp-42
686,1.180892130922939,1.1665037539633787,0.001,0.001150241293978913,10.0,synthetic-grad_ramp-42
687,1.1910234678144613,1.0584021806180994,0.001,0.0010386066544926444,10.0,synthetic-grad_ramp-42
688,1.1611843658192893,1.106129153077448,0.001,0.0011217626745343991,10.0,synthetic-grad_ramp-42
689,1.1612158612823757,1.0484495541453895,0.001,0.001054604248864765,10.0,synthetic-grad_ramp-42
690,1.17182048760195,1.042753448984982,0.001,0.0010626299092355755,10.0,synthetic-grad_ramp-42
691,1.1629461329470578,1.1712262110537752,0.001,0.0011758690109484183,10.0,synthetic-grad_ramp-42
692,1.1804379467143824,1.0914430963295203,0.001,0.001118584090595275,10.0,synthetic-grad_ramp-42
693,1.1319064254137858,1.1251903885864754,0.001,0.0011283879617062372,10.0,synthetic-grad_ramp-42
694,1.152809804441003,1.0001536165504192,0.001,0.0010239772056238083,10.0,synthetic-grad_ramp-42
695,1.153002779164102,1.1783919599363073,0.001,0.0012095827269702954,10.0,synthetic-grad_ramp-42
696,1.1294636728257739,1.16433560190802,0.001,0.0011365698540811392,10.0,synthetic-grad_ramp-42
697,1.1493457661565234,1.1103217667164558,0.001,0.001051697506729291,10.0,synthetic-grad_ramp-42
698,1.1496056680414213,1.138372940180131,0.001,0.0011923245238552754,10.0,synthetic-grad_ramp-42
699,1.1598504402499816,1.0294456973001758,0.001,0.0010374027785839581,10.0,synthetic-grad_ramp-42
